customer_id,cpf,first_name,last_name,country,state,city,birth_date,income,income_symbol,professional_status,email,phone_number,gender
d3f18d81-96b3-4395-b61e-c77625e36dd2,76591116125,Victoria,Kelly,Grenada,Florida,West Danielville,1961-09-30,83513.67,€,Retired,biancasummers@yahoo.com,(898)898-7376,Female
431596d2-0a10-463c-9ff3-24b8af8e9595,95964638457,Michael,Wagner,Mexico,Oregon,Lake Lisastad,1976-06-27,65801.89,€,Student,esawyer@brown.com,001-087-514-9805,Other
09d31b98-56ea-4e41-97f9-2394ff7d3711,09172991321,Dana,Ferguson,Hong Kong,Missouri,Maddoxshire,2001-11-18,42571.77,€,Unemployed,matthewsandrew@huffman.com,001-365-447-0156x6747,Male
4b93516b-e7ed-48e8-9ac7-932a25888d36,00042735599,Calvin,Holmes,Armenia,West Virginia,Port Sandra,1994-07-24,112342.15,£,Student,william51@gmail.com,813-049-2255,Male
070d2d9c-27db-46b7-b271-8275cf138c70,92427100595,Robert,Herrera,Oman,Indiana,Douglastown,1982-02-27,24666.11,$,Retired,vbaker@yahoo.com,347-021-5845,Male
724f9540-cb26-4174-b7e0-b3f286064a71,19351431070,Christine,Glover,Tuvalu,Connecticut,Ramseymouth,1979-07-30,80054.18,£,Employed,qpearson@trevino.com,+1-805-333-3932,Other
f0841808-c0ad-4a12-9b20-d45f1c6a49a6,36608988052,Jesse,Young,Grenada,Missouri,Lake Ericburgh,1984-01-31,95634.76,$,Employed,bpitts@yahoo.com,+1-004-147-3320x866,Other
335b9ab7-b107-4efd-87eb-30586e9b0225,15457182029,Patrick,Gordon,Argentina,Wyoming,Michaelhaven,1959-02-06,33731.71,$,Student,robert33@williams.org,743.586.2890x90416,Other
54fdc9ac-e068-4381-8761-7ef3d54bd0e3,30131421468,Kristen,Roberts,Kyrgyz Republic,Pennsylvania,Robertburgh,2005-07-09,63037.65,$,Employed,timothy23@patton.com,245.986.1483x6159,Other
bf7c4cf6-8147-451e-a415-912edf088705,77024652985,Charles,Henderson,Pitcairn Islands,Missouri,North Jimmyshire,1974-08-02,27815.8,$,Retired,joseph15@hotmail.com,001-855-894-0958,Male
0e1ee7ed-a8f5-4426-9a88-08e2dcb93a24,56423094390,Vickie,Villegas,Saint Kitts and Nevis,Rhode Island,Bakermouth,2001-12-20,80036.54,£,Retired,pierceronnie@colon.com,159-499-0277,Male
8e4076a8-0550-4608-aff3-ddf02da10573,68903415469,Wesley,Parks,Montserrat,Utah,Brittneyview,1975-12-29,71376.52,$,Retired,nathanieldavis@brown-shah.com,042-786-3123,Other
9430edc8-9cca-46c7-b0a6-873b064e8b6a,42705525734,Timothy,Moore,Uzbekistan,Nevada,Bryanmouth,1972-12-23,51807.25,£,Student,goodstefanie@jordan-torres.info,640.160.3833,Female
dc091028-3f13-4cdf-870b-c7f183a223d8,54280995346,Michael,Thompson,Angola,Pennsylvania,New Kevinland,1998-08-11,105401.21,£,Unemployed,jerry96@alvarez.info,(085)984-8121x47948,Other
5c3ac6ef-4d81-426a-b7b2-8598e270950c,39180003036,Megan,Miller,Saint Helena,Idaho,West Stephanie,1986-09-25,40973.78,£,Self-employed,jasonabbott@gmail.com,(760)833-0010,Female
2108887a-3e49-443b-934b-d0317bd2cb03,86849201719,Deborah,Sanchez,Dominica,Colorado,Johnmouth,1955-10-07,110564.78,$,Employed,williamsstephanie@jones.info,(892)897-4551,Other
4f8af7cb-9a51-49bc-b4be-c1b1432fc44c,78202704383,Sarah,Ibarra,Wallis and Futuna,Montana,East Sherylmouth,1996-03-20,22246.96,$,Unemployed,probinson@hotmail.com,001-174-442-8613x0616,Female
794afaf4-b8e1-47ff-b7a5-de564b704f8b,05468471370,Michelle,Davis,Canada,Wyoming,Martineztown,1966-02-27,77039.55,£,Student,michelle62@whitehead.com,602.788.1586,Other
0ba2695c-7957-4f7d-a0e9-b615842a1261,50359364306,Tara,Nielsen,Heard Island and McDonald Islands,Idaho,East Courtney,1960-02-23,93922.95,€,Student,mendozakaren@rodriguez-bryan.com,+1-597-347-1374,Other
4dc21608-70fa-42ad-b7e6-e2cdaa732a06,41650990235,William,Carter,Syrian Arab Republic,New Jersey,Huangport,1982-01-23,23897.95,£,Retired,jonesrachel@yahoo.com,001-313-285-9755x61325,Female
27e8332b-a37d-42b3-bad1-d6514c5059c7,49553381006,Kathleen,Welch,Indonesia,New Jersey,Fisherville,1989-01-29,100382.06,$,Student,elizabeth77@baker.com,931.176.1937x84400,Other
26ada0ca-ac18-4729-9330-0e1c6d6d4c55,05164897040,Gerald,Tucker,Guinea,Pennsylvania,Costaport,2006-05-24,81606.82,€,Student,jeffrey44@gmail.com,010.991.9268x7211,Other
3b2087a2-f432-4213-a008-15f683a7a2d1,14563674710,Cindy,Todd,Grenada,Pennsylvania,North John,1963-02-24,46465.29,£,Unemployed,oneillsarah@lopez-nguyen.net,(891)880-1151x415,Female
113ec7e8-1846-4ccd-af2f-d07778c36aff,82737131995,Sheri,Thomas,Iceland,Maine,North Brittanyhaven,1996-04-18,41679.53,$,Employed,julia72@bennett.com,(734)859-3267,Other
17bc4c53-0606-4374-a6fe-8dcf6f17a82c,80949242330,John,Aguirre,Egypt,Rhode Island,Dunnfort,1985-12-19,89112.3,£,Employed,littleemily@pierce.info,001-916-177-5888,Female
073b30e5-68fa-4333-ace4-322793e0746e,95670234090,Marcus,Hamilton,Mali,California,New Alexander,1971-04-25,68595.65,£,Employed,fhoward@stanton-white.net,(250)609-3428,Female
07180961-1378-4afd-9e7f-bc04b206b398,49365755263,Paul,Jackson,Luxembourg,North Carolina,West Kathleenmouth,1990-03-17,29067.53,£,Self-employed,jbender@jones-hurst.com,540.159.3477,Male
7004e813-2ac9-44ea-b24b-0b8367e8f585,77049658324,Shelly,Carter,Turkmenistan,West Virginia,Lake Kathleenmouth,1998-12-16,105944.51,$,Retired,abrown@gmail.com,001-677-875-7206x75551,Male
4766c18e-8463-41ee-94cb-dc3a3f314e69,53176072481,Tiffany,Gray,United States Minor Outlying Islands,Arizona,Robinsonton,2005-01-23,73107.22,$,Employed,bethanyreynolds@jimenez.com,231-414-8962x22059,Male
6bf3a5fd-1c44-45c2-8d4a-e5280f017474,55500086456,Kaitlin,Soto,Germany,Minnesota,Hollowayfurt,1959-10-16,55804.25,$,Student,ryan37@morgan.com,610.085.2073x6186,Male
3880feab-4091-4624-a9c6-e03914efbbe9,97214793229,Pamela,Salazar,Suriname,West Virginia,Williambury,1988-09-18,77973.66,£,Retired,vsimon@wood-wong.net,233-820-2546x1620,Other
2af490ef-97e3-4706-b29c-0ffae72ec32b,27154098503,Bonnie,Hill,Senegal,Maryland,New John,2005-06-10,50910.3,€,Unemployed,shannonmoore@daniel.net,001-999-218-1838,Female
2a4cdc0d-2259-467f-ad7c-6fa1c72058a8,44639996934,Jerry,Williams,Sierra Leone,Alaska,East Michael,1967-05-08,27280.07,€,Self-employed,whitenathan@yahoo.com,(158)939-4028,Other
94e5b053-3188-4b09-b134-bd175258c2da,87597637799,Patricia,Torres,Trinidad and Tobago,Montana,Charlesstad,1977-06-05,107594.76,€,Employed,bentleyphilip@guzman.com,271-647-0977,Female
dd3cf16e-126c-471e-b169-ca571f18bc98,97960662118,Darryl,Dominguez,Kiribati,Kansas,East Adamview,1997-06-28,86460.21,£,Employed,bmcpherson@yahoo.com,+1-080-829-6495x6156,Male
b81ae8ec-593d-4200-8cf5-b0adf142b4b9,99259352886,Nathan,Stewart,Jordan,Washington,Brianbury,1997-06-16,33090.48,$,Self-employed,warrenrobert@wallace.com,(827)451-2630x6348,Male
1720ba50-77bd-4e6d-81f9-a8d68e8f82d0,33934933378,Michael,Jackson,Saint Kitts and Nevis,West Virginia,Lopezfort,1982-03-16,37403.39,$,Self-employed,melissahoward@mathis.com,615.289.1723,Other
c8ac8d86-ae44-43e7-8ed6-7d776c60307d,23280708508,Brian,Hess,Antigua and Barbuda,Arkansas,South Cameronfort,1971-01-31,84970.07,$,Retired,chad87@kennedy-rodgers.net,262-040-3492x76119,Male
3e2b4fa8-8690-4371-a63c-eba65662f4f5,77416451701,John,Dunlap,Congo,Indiana,Johnsonport,1971-06-24,60368.2,€,Student,cassidymcclain@yahoo.com,001-540-932-5742,Female
c823255b-6cf8-42a8-8447-5f28c22cdae3,91395227098,Amy,Shaw,Saint Vincent and the Grenadines,Florida,South Lukehaven,1975-02-23,95244.33,$,Retired,kyliefoley@mccarty.net,001-699-563-5862x4544,Other
d38bbeaf-7661-463b-9429-85c4f5fa8b01,37722490948,Elizabeth,Davidson,Niger,Colorado,Lake Alexisstad,2005-09-26,100197.74,$,Self-employed,amanda55@anderson.com,591-553-9343,Female
9d674896-2e55-407a-9569-e95e8f25c89a,76118358079,Todd,Berger,Northern Mariana Islands,Wisconsin,Ashleyberg,1970-01-03,23990.97,$,Student,smithwendy@johnson.com,175-513-7969x6909,Male
b703cfe8-fb25-47a1-8030-f786a60e30f6,05540619617,Tiffany,White,British Indian Ocean Territory (Chagos Archipelago),California,Medinaville,1960-12-14,48195.25,€,Employed,ksimpson@jackson.biz,(564)750-7926,Male
1f286176-eec7-4e3c-bc21-53aa3521704a,75085380568,David,Hunter,Denmark,Iowa,West Katherinechester,1983-06-07,107266.09,£,Self-employed,joshua24@hotmail.com,001-906-234-7595x227,Other
e3562409-a75e-4921-8300-bf10f0fbc377,67744170270,Jon,Hughes,Guinea-Bissau,Ohio,Antonioborough,1992-07-21,109818.85,$,Self-employed,amanda33@castaneda.net,642-039-8280x2155,Female
34a27f04-955d-49cb-9aac-fe9844cfa152,72940073732,Teresa,Mccullough,Sweden,Iowa,Fergusonmouth,1962-06-26,114189.69,$,Retired,eric05@hotmail.com,+1-610-092-4693x1189,Other
a9e74fd2-a6e8-4376-aeba-bd22fc3fb759,55150684082,Brittany,Stewart,Armenia,Illinois,Brightberg,1982-06-03,97287.45,$,Retired,meadowscarolyn@richards-schneider.net,+1-978-306-7060x0895,Other
703ca52e-09e8-486a-8122-bac5dfdc2c9e,45120776930,Jeremiah,Mckinney,Spain,Connecticut,Nicolemouth,1965-01-16,106192.63,$,Student,dustinpowell@hotmail.com,619-170-8949x8358,Female
8c10fc7e-a9c5-4a42-970b-a33750a854a3,75603911840,Christopher,Davis,Puerto Rico,Pennsylvania,Port Ethanland,1966-09-27,86210.2,€,Student,monicarodriguez@hotmail.com,861.097.4210,Female
00583cc1-f176-4bdf-8be1-d640edf26e33,39199886391,John,Cox,Chile,Delaware,Lake Ashleyshire,1971-03-21,41395.66,£,Self-employed,davidfrazier@hansen.info,+1-999-580-0949x7537,Male
f483556a-5987-4ab1-92b2-7a96f43b8534,38815389415,Jason,Rodriguez,Gambia,Ohio,Kennedytown,1960-01-09,108655.13,€,Student,ortizmorgan@watts-ross.com,383-969-0828x8161,Male
6849addd-68e3-4e74-9334-c9741cd2109a,34439198120,Jason,Foster,Afghanistan,California,Doylemouth,1991-07-30,70235.08,£,Retired,aortega@ortiz.com,571.880.2373x097,Other
fa3fecda-ba49-4fa4-9022-1070ddff5988,19840764268,Victor,Blankenship,Switzerland,West Virginia,West Luisshire,1976-05-09,117144.63,€,Student,hubbarddonna@ward-herrera.net,+1-319-374-7841x4412,Other
c75a791e-61e6-4540-ab28-af3cfbe79b9d,57156114824,Mary,Cox,Georgia,Louisiana,New Joshuamouth,2000-11-22,55811.23,€,Self-employed,ymartin@gmail.com,001-781-209-0864x86009,Other
aaa388d6-d86f-4778-a73a-90a451bad1d6,21189372614,William,Hanson,Nepal,Maine,Terrishire,1974-02-15,89277.28,$,Employed,christina40@elliott.com,0665760648,Male
9b57d617-0a9f-4d15-9aec-f4391ead171a,94358071864,Jessica,Lyons,Afghanistan,Virginia,West Marcus,1975-01-10,48401.46,€,Student,esmall@yahoo.com,001-767-244-2216,Other
6234a312-1ae3-4735-9a60-d2106ef7eaaf,23746559626,Christopher,Olson,Korea,Arizona,North Angelborough,1985-01-11,61174.1,€,Retired,savannahlong@whitaker.info,9343976779,Male
79611d83-e9b2-44b7-b0c9-29e2cb3466df,92487454237,Felicia,Lewis,Grenada,Texas,West Kirstenport,1997-01-04,28531.2,£,Employed,richardsontheresa@hotmail.com,001-424-794-6547x65052,Other
177b7de6-51db-4294-8994-8381c07da270,52294581431,Erika,Lambert,Georgia,Nevada,Kathrynchester,1979-12-13,91335.18,€,Unemployed,ladams@gmail.com,(615)550-3960x0394,Male
2a360dee-9ba0-47a7-a091-32a9283fd215,25931027645,Stephanie,Flores,Burkina Faso,Kentucky,North Danielborough,1993-03-04,95523.88,€,Unemployed,riverashannon@gmail.com,(805)066-8151x377,Female
1e6cfd06-7c15-43ed-b171-50cc64167377,39817449262,Carol,Hicks,Spain,Arkansas,Dawnburgh,1990-07-29,53973.79,€,Self-employed,timothygoodwin@yahoo.com,267.804.6868,Male
e90a267f-d174-48e0-90a5-fcd8b2de22e5,83525321899,David,Brewer,Saint Martin,Arizona,South Jessicatown,1966-06-02,61558.56,€,Student,charlotte08@gmail.com,001-744-054-2110x5907,Other
f6cd1ceb-917a-482b-92ec-c407c018274c,75110172234,Brian,Wilkerson,Malaysia,Illinois,East Anthony,1982-07-15,82445.21,£,Self-employed,francisco67@scott.com,777.586.6995,Female
1cbb6f75-b43c-4268-a8e9-72139132cbff,02614060437,Karen,Nelson,Malaysia,Ohio,Port Edward,2002-09-07,52468.67,€,Unemployed,natalierichardson@pineda-gallegos.com,(037)995-3177x3724,Other
438de0cb-2a63-4022-9d45-91f245e2857a,22925662145,Benjamin,Fitzgerald,Congo,Washington,Stevenhaven,1972-05-10,71705.93,£,Student,donald40@moore.com,(735)249-6362x239,Male
f2220dd4-1b4b-45ab-918e-7efffc388dd0,58010964930,William,Rasmussen,Angola,Texas,Danamouth,1975-06-07,87829.08,€,Student,dylanwilson@gmail.com,(435)737-8468,Other
ae96fb93-f9d9-41c0-bdc2-27a6ecd24257,72700733410,Lisa,Hall,Israel,Colorado,Brownstad,1981-04-13,25705.81,$,Retired,alexanderedwards@gmail.com,+1-895-124-0589x699,Male
c5223480-b32f-4b83-a571-1bf057c6ecf5,32454313928,Daniel,Duncan,Kyrgyz Republic,New Jersey,New Jamesville,1994-11-13,83038.23,£,Self-employed,aperry@jordan.com,(868)885-9393x56327,Male
7e9e9538-9219-4ead-b6fc-061dd05003f4,73682224696,Nancy,Jefferson,Angola,South Dakota,South Annetteton,1995-09-15,81469.68,£,Unemployed,brad19@hotmail.com,758.866.3367,Male
d4c0981e-4cc5-48c4-b79d-95822e75250f,92552209343,Brian,Lopez,Jordan,Massachusetts,Jasonberg,1997-01-27,45313.17,$,Employed,clarkmatthew@yahoo.com,5981011593,Male
0a71f452-20c0-497a-9951-3047392aac7e,41881332608,Jean,Hernandez,Paraguay,Alabama,Marystad,2004-03-05,105736.02,£,Employed,ashley66@yahoo.com,772-334-7837,Other
c0a72a19-ec7d-4127-91d5-b49bac24c9dd,92683863136,Thomas,Hensley,Iceland,Mississippi,Martinezfurt,1989-06-11,111869.14,£,Employed,ithompson@montes.com,773-356-3142,Male
86f87ad6-7178-4834-bfde-dc6e92cf611b,72736538706,Kerry,Ward,Panama,Texas,Alanshire,1995-06-12,21209.85,€,Self-employed,crystal04@ortiz.net,242-782-7793x55837,Male
37e49b0b-2a56-458a-afc2-8a5e89268236,83791497260,Dennis,Boyle,South Georgia and the South Sandwich Islands,Maine,East Sarahmouth,1986-10-01,29909.71,€,Unemployed,cheryladams@gmail.com,001-685-334-6692x2532,Other
81a6e1bb-9d0e-4b5f-8a9e-83b03a04eb8e,34705338146,Sherry,Juarez,Gibraltar,Wisconsin,Christopherfort,1985-01-03,52454.3,£,Retired,martinezashley@yahoo.com,587.668.5774x9277,Male
92260dad-1ba4-46bd-92fe-c6329c756110,42599328292,Brian,Kelly,United States of America,Virginia,Hamptonfort,1963-03-06,38282.92,$,Unemployed,rodriguezkeith@hotmail.com,275-975-4828x9380,Male
4e3e8282-89d5-4931-8832-60070d8221e2,80458433810,Joshua,Day,Yemen,North Carolina,Port Theresa,1955-07-11,90783.29,£,Self-employed,stacie55@gmail.com,(749)057-3485x904,Female
716f44c1-7c5b-48be-adac-9bc22e9de1b4,37815621317,Sylvia,Browning,Mayotte,Kansas,South Carolynland,1957-08-21,64839.37,£,Employed,aevans@williams-jones.net,969-365-2334x294,Other
b82b1cd5-b2f7-4d3a-912d-7855b620b1ad,85489153407,Gary,Hernandez,Brazil,Idaho,Tracyville,1981-11-03,51240.97,€,Self-employed,andreamorris@hotmail.com,(129)735-5137x08153,Male
20080f97-0e75-4843-8b37-9df5318371c5,21106215400,Gregory,Norris,United Arab Emirates,Iowa,South Kendra,1987-01-12,112562.07,€,Student,jamie98@gmail.com,001-329-193-9188x943,Male
aa004b64-a49f-4341-943b-574ca035d4c0,43597134874,Amber,Allen,Iraq,Idaho,Gonzaleztown,2001-11-09,99719.05,£,Student,lewisheather@hotmail.com,031-803-3585,Male
888c0c57-0f66-4f0c-a8c5-c20b74e95a7b,22291478702,Laura,Jackson,American Samoa,New York,Lake Emma,1993-07-05,48721.2,€,Retired,michaelglover@hotmail.com,062-963-4600x5492,Male
866da044-aeca-42ac-be60-8bfd4ba36d5f,17857443999,Samuel,Reid,Cameroon,Massachusetts,West Andrew,1994-08-12,99419.84,€,Student,williescott@yahoo.com,0145519073,Male
275ae746-146c-4075-8504-2655f918a43a,65637256519,Tim,Hoffman,Egypt,Mississippi,Blackburnview,1990-08-10,39429.4,$,Self-employed,andreasmith@gmail.com,(446)035-8174x2181,Female
7b8a688b-f602-4722-9287-b69cb0fe2141,99190731301,Joseph,Torres,Ecuador,Nevada,Carrieville,1987-08-12,39069.32,$,Retired,cherylyang@molina.info,8617737080,Female
59badc37-fc08-41d3-9c54-c6ae4553bf63,33188242670,Thomas,Bray,Reunion,Missouri,Lake Joyview,1995-05-25,94838.25,€,Unemployed,watkinskyle@thomas-lane.info,840-700-3686,Male
6f2406c8-f5a6-498b-b336-63b0e1c8a058,80008152306,Ryan,Powell,Jamaica,West Virginia,East Daleland,1959-05-17,72950.5,€,Employed,pamela91@yahoo.com,+1-413-156-3209x30452,Other
f63192fe-9e45-4e9f-998f-9972237dfb14,05424442323,Stacy,Short,Lithuania,California,Brentton,1964-02-14,82359.51,£,Employed,upham@yahoo.com,992.215.7332x92880,Other
8345ee6b-2a19-4755-926c-31f29c3ac60d,35172603557,Taylor,Bowen,Panama,Kansas,Port Cassandraside,1999-11-30,109492.02,£,Self-employed,xchapman@hotmail.com,849.433.0492,Other
020d82ce-d2b3-486a-a234-b5f37df74e6e,39954512764,Wendy,Erickson,Tanzania,Minnesota,Morrowchester,1979-01-31,35232.86,$,Self-employed,nicholsthomas@shelton-bennett.org,592-785-4018x7129,Male
07852452-8160-44b6-808c-bc71660f7d7e,81907723412,Sarah,Johnson,Iran,Mississippi,Blackfurt,1980-10-30,111908.98,£,Student,smithmatthew@lopez-kirk.com,827-141-7258,Other
097af931-132c-4169-a75a-dfa16a8cb17a,83364713839,Sandra,Long,Grenada,California,Port Kenthaven,2006-12-14,66229.4,£,Self-employed,allison36@ellis.net,001-018-792-1303x7336,Male
dec21d3a-fd96-4be5-971b-20f59fc01be5,69182351171,Linda,Watson,Gibraltar,South Carolina,Port Jeremy,1965-07-13,48626.57,$,Unemployed,petercox@black.com,(069)634-7639x30558,Female
a095abb0-f1ba-4312-ab51-4b0ded427e20,27144671995,Alicia,Smith,Nicaragua,Alabama,Lake Melissa,1986-03-01,110813.25,$,Retired,palmeradam@freeman.net,(133)470-2641,Other
b8c2d06b-2374-42ad-b948-b86e4fed0daf,30590159534,Howard,Sanders,Timor-Leste,South Carolina,Kurtberg,1963-02-25,117174.92,€,Student,smithbrandon@moon.info,001-010-338-8659,Other
0fbaa889-7b86-4683-996e-a3cdbe782cb2,40656587725,Richard,Wheeler,Togo,Washington,Dunnland,1957-08-31,27499.12,$,Student,bowersbryan@gmail.com,001-069-872-4211x11227,Female
2afa9a9e-6a37-4991-95f0-5b9df57b9911,13723482554,Rebecca,Stewart,Montserrat,South Carolina,North Dannystad,1963-03-08,115107.67,$,Retired,carolinezimmerman@haney.com,996-987-1316x0540,Female
dee64588-787b-48f5-869a-bd973a289731,60006359825,Travis,Wilson,Belize,West Virginia,Santiagoport,1955-10-28,72913.06,$,Self-employed,lorihamilton@yahoo.com,(716)182-2568x882,Other
7ddc8044-fcc4-47fe-a8a7-6ab79a0cbf76,63023946272,Sean,Rodriguez,Madagascar,Oregon,Christinamouth,1992-12-25,50099.38,£,Self-employed,rortiz@yoder.info,615.476.2572x90877,Female
505d35f8-b368-45c5-830f-5eb65d80a286,77217861420,Savannah,Castaneda,Finland,Nebraska,West Alyssabury,1989-01-21,94939.57,$,Retired,susanfisher@martinez.com,(809)330-4960x41112,Male
4e5c75fc-e172-4252-89e4-ab3a58fc032a,30994918291,Jamie,Flynn,Turkey,Arizona,South Ann,1996-08-14,68209.08,£,Self-employed,xdelacruz@hotmail.com,001-039-594-2692,Male
f5fd7462-7b57-488d-b345-bbd61aca3561,14223295420,Tammy,White,Nigeria,Colorado,Brettstad,2002-09-03,83959.08,£,Employed,johnmullins@long.com,892-578-9486x0933,Other
184fc0d2-53e6-4f0b-a64f-378daeaf8b6d,84601106800,Cameron,Cook,Morocco,South Carolina,Port Stevenside,2000-04-07,117251.59,€,Unemployed,bradley66@yahoo.com,001-631-384-8689,Female
f2384e87-4f32-4ec7-b6e0-8d102f26f791,63987661305,Randy,Burke,Saint Vincent and the Grenadines,Missouri,Murrayborough,1963-10-11,29912.77,£,Employed,howarddustin@smith.com,(962)160-1372x81014,Female
fb873a75-cecc-4fb5-a77d-ef1ebfc1e14d,77050253456,Timothy,Williams,Pitcairn Islands,Iowa,Lake Robert,1967-05-20,64720.64,£,Self-employed,millerjennifer@hotmail.com,203.773.5927,Other
d97dbb83-9922-4bdb-8dcc-e679463ffecf,42650984368,Ethan,Olson,Lithuania,Ohio,Chrisborough,1977-05-29,39548.99,£,Unemployed,jackhuerta@hotmail.com,857.374.7120x888,Male
2deb4871-0b5e-4f01-917c-b286691fb093,13763187928,Sandra,Payne,Angola,Alabama,New Carolyn,1955-11-16,21226.41,$,Employed,xwatson@guerra.com,976.787.8258x3615,Male
654e6644-8faf-4ba6-8e7e-6e09dcf6f68f,40517256851,Robert,Whitaker,El Salvador,Minnesota,North Charles,1955-07-25,71272.55,$,Student,douglaswalker@greene.com,001-391-761-5011x6236,Male
182f91ea-0793-4ff7-950f-fcdb8e2d1743,64052893700,Martin,Contreras,Brunei Darussalam,New Mexico,New Lisaview,1997-02-21,67651.44,€,Student,julieadkins@peterson.org,(045)330-8364x5286,Female
98276a23-0b31-4510-9765-55cefc88816e,21738136337,Christopher,King,Burkina Faso,Utah,East Nathan,1982-09-11,67782.18,$,Unemployed,melinda23@yahoo.com,2547167349,Other
39df83c5-2d39-4666-a3c0-b32befe5b8c3,79316913934,Paul,Watkins,Guinea,Washington,Kristineton,1993-08-10,25009.93,€,Employed,tedwards@hernandez.com,+1-271-132-4280x8602,Female
cd5efb38-b22e-4f0a-b8c6-32fc739ede4a,65381080832,Teresa,Bennett,Fiji,Illinois,Austinstad,1971-01-11,72319.82,£,Self-employed,collierseth@yahoo.com,517-365-9233x8462,Other
c94cb4f8-1a17-4efe-ad6e-8f99c9a630be,71028427085,Heather,Hall,British Indian Ocean Territory (Chagos Archipelago),Ohio,Port Sara,1996-10-22,84050.23,€,Employed,kerrdeborah@yahoo.com,480-323-0274,Other
49f8d277-1b63-4021-9036-63647bc63edf,37604849563,Michael,Marks,Andorra,California,South Sarahchester,1991-01-12,83299.77,$,Student,robinstevens@fischer.com,570.816.4055x605,Other
91764802-9ff8-4bb7-9555-55ab5c93294a,57301293780,Linda,Smith,Tonga,New Mexico,West John,2004-09-17,62011.4,£,Employed,freemanmegan@morrow.com,190-452-8463x477,Other
7844d113-7132-44e3-a8d4-1fdf01fccb77,47110484483,Ebony,Curtis,Thailand,Rhode Island,Port Todd,1988-10-10,29302.36,€,Unemployed,osims@hotmail.com,(583)283-0720x110,Male
8ca0dcf6-87c3-4257-9c22-e6deba703858,37372100399,Cole,Padilla,Uganda,Mississippi,South Jasonville,1982-12-22,30505.39,£,Retired,michellesullivan@kim.org,937.905.5681,Female
07f5bbfc-6236-4f34-aefb-af1de26dd04c,97965407469,Shane,Mcclure,Guinea-Bissau,Texas,East David,1990-05-02,110478.44,£,Unemployed,scottcolon@harvey-durham.com,+1-403-289-3846x63384,Female
73dc308f-9306-40ec-8d6b-e107dacfd339,09186095005,Rebecca,Hernandez,Canada,Pennsylvania,Lake Michaelstad,1963-04-24,114681.82,€,Retired,pgay@gmail.com,998-921-9852,Male
322b204a-392e-45fa-b88d-f52a8872eefc,17231298362,Kristine,Wheeler,Indonesia,Wyoming,Hickmanfurt,1991-04-01,79356.55,£,Retired,fpratt@hotmail.com,(877)468-6492x493,Female
f8dc71ef-d9eb-4959-a4d7-070db61aca7f,71495621596,Kristina,Oneill,Aruba,Maryland,East Ericborough,1991-05-19,25781.62,£,Unemployed,ljoseph@rodriguez.com,+1-857-171-7094x401,Male
3839cbe2-645c-4f28-b104-04829f323ecf,40045068160,Nicole,Nguyen,Croatia,Oregon,Rodriguezfurt,1957-06-09,83264.27,£,Student,sarahcox@gmail.com,(563)196-4273x24533,Female
107b3054-f718-4f33-81f5-764f29b28004,13678667660,Shawna,Ryan,Nigeria,Indiana,Port Drewville,1993-05-07,72748.66,$,Student,smithlori@salinas.biz,+1-795-182-7751,Male
fff2929a-ad74-432a-9968-45be9cb8671f,55700807165,Debra,Phelps,Azerbaijan,Iowa,Port Tomfort,2001-10-16,23262.18,£,Employed,michaelwade@thompson.net,001-703-622-4298x8706,Female
eb8b7e68-c982-40fb-9309-9c975a87a3e5,59143700195,Christopher,Gilbert,Mauritius,Mississippi,Lake Maryhaven,1979-07-31,103735.01,€,Student,tiffanyharrison@gmail.com,911-021-2881,Male
3389d192-96bf-4c11-b172-924fc9377171,08917978908,Mark,Hernandez,Belgium,New Hampshire,Johnsonmouth,1968-08-04,69943.52,$,Retired,benjamintara@thompson.com,334-401-0079x095,Female
7a9f6551-b6ef-48b3-b05d-0e26d8fbc3e1,49188591352,David,Collins,Paraguay,Wisconsin,Tatefort,1956-12-09,64298.35,£,Retired,justin34@yahoo.com,446.799.9527x618,Other
160d0eca-4630-4786-b9ac-d54181d504e6,09201478526,Kevin,Williams,Greece,Missouri,West Anthony,1969-03-26,119147.55,£,Self-employed,ricky86@kemp.org,001-711-713-2456x1691,Other
f8f4e4b8-e34e-42fd-baa3-1cd97c200c3e,40658319388,Brandi,Jones,France,New Jersey,South Penny,1992-09-16,93425.77,€,Unemployed,andrew89@hotmail.com,288-203-7350,Male
89ede826-e3f8-47bb-a9d3-54fe35c91dbd,08359438013,Christopher,Barry,Afghanistan,North Dakota,Johnsland,1980-10-15,115262.83,$,Employed,janet97@quinn.com,(443)662-6446,Male
b905dd1c-5035-4b2e-a95e-2701932fb03d,89587041607,Brenda,Jimenez,Dominica,Colorado,Suttonton,1980-05-09,27706.76,£,Unemployed,jacob80@rich.com,(043)275-2176,Female
24b2705d-df33-4931-8e4d-c8944ea8e666,44727242869,Alicia,Lyons,Anguilla,New Jersey,Michaelside,1969-03-25,109463.26,$,Self-employed,baldwinshane@hotmail.com,(241)197-2931x8883,Other
c3ab9e4b-65b3-462e-b8cd-05daa22642b6,79636100462,Karen,Stout,Guam,Maine,Blackside,2000-10-15,117270.55,£,Self-employed,john74@gmail.com,329-201-0846x663,Female
384bd89a-a564-4099-8ea4-ef4b30078d57,50206561784,Anthony,Larson,Ethiopia,New Hampshire,East Courtney,2003-03-18,85075.75,€,Unemployed,jaywhite@yahoo.com,(139)940-4565x04758,Male
da00ca29-5325-4282-9a27-06b07629e418,85860287704,Leslie,Melendez,Dominica,Wyoming,West Lisa,1978-11-18,93189.73,$,Retired,mcphersonalexandra@hotmail.com,(451)764-1945,Other
9a5702d8-d34c-48e8-af24-2e5797177930,21263332218,Lisa,Luna,Morocco,California,Lowefurt,2007-04-04,34327.69,$,Retired,lking@hotmail.com,941-582-1774,Female
dd9a3a93-6bbf-4959-b23e-443f913757bd,32392693846,Jared,Gardner,Qatar,California,Lake Katherine,1999-02-27,75175.7,€,Self-employed,kathleenlopez@hotmail.com,654.429.9755x253,Female
998a4a47-c105-47c3-b07f-507a5b23217a,29399211568,Frank,Yoder,Japan,New Mexico,Lake Martin,2007-02-18,22299.22,£,Employed,raymond64@key.com,001-831-155-1371x7544,Male
e0652247-c9a3-4965-a7f6-9a81a53cf5dc,91633184234,Kathy,Watson,Cayman Islands,Alaska,Lake Davidbury,1975-02-04,37451.58,$,Employed,wilsonsteven@dunlap.info,370.629.4991x80263,Female
c08ec583-9558-4075-acb8-cf275d82a1e0,82348251515,James,Herman,Cameroon,South Carolina,Rhondaside,1995-11-13,116562.05,€,Student,john47@yahoo.com,001-561-889-5073x4045,Female
e2b9ecb2-a7b1-49b9-8088-c41a9dae4bbb,67344276844,Michael,Williams,India,South Carolina,Johnsonport,1957-08-12,54480.2,£,Employed,garciamichael@yahoo.com,+1-950-907-5550x5136,Other
4517491b-3222-4eae-af19-c18474743e59,41859113435,Linda,Bonilla,Anguilla,Illinois,Swansonport,1960-02-19,24142.77,$,Unemployed,scott63@bowers-smith.com,001-725-519-4077x296,Other
c5da3655-fd97-4ca0-b8a3-d29a628e7fe1,06731663760,Robert,Brown,Taiwan,Pennsylvania,Morrisville,1969-09-23,89038.58,$,Retired,todd46@mckay.com,001-209-019-2075,Other
5513c2ff-e6ce-4885-aabe-b41a08a0dc17,42865310078,Jeffrey,Williams,Hungary,Tennessee,Charleschester,1989-10-23,94386.62,€,Unemployed,masonsmith@hotmail.com,116-832-8607,Male
704a46f8-908c-4719-a727-e7554fcf544b,70270721819,Stephanie,Brown,French Polynesia,Michigan,Rodriguezview,1962-08-08,104830.2,€,Retired,penningtongary@garza-berry.com,340.334.5221,Other
3b1210f1-1def-47ee-a194-fb25f2be5a0c,43624231502,Jennifer,Cooper,Malawi,Kansas,Lake Penny,1986-03-14,106563.6,€,Self-employed,cmoreno@kelly.net,+1-788-969-5842,Other
c2d5b61f-1754-4a88-8bfc-95c4ce5ffdf9,82921506416,Jessica,Henderson,Honduras,Colorado,Carolton,1979-08-28,65910.75,€,Self-employed,april69@huff.com,001-347-909-9906x136,Other
3f709b11-d36d-4f8e-89a1-3a155b3e40d3,22568598000,Christina,Marquez,Mauritania,Kentucky,East Jennifermouth,1981-01-09,67702.92,$,Employed,jamescabrera@hotmail.com,001-427-695-2311,Other
410abad5-50e3-4da5-997c-1cbf3479f094,96415656309,Stacey,Thomas,Saint Martin,Texas,Chavezhaven,1965-09-17,27647.98,€,Self-employed,andrewgraham@rogers.com,(512)659-8293x374,Male
e1a4f851-9362-4252-9807-cac233f8b54c,97721899508,Crystal,Valencia,Burkina Faso,Nevada,South Arielland,2001-12-16,58339.94,€,Employed,kellynicholas@gonzalez.com,+1-690-341-1642,Male
7993adcf-7e1b-4789-99fc-a7031839efd0,29109466738,Sean,Bennett,Malaysia,Missouri,New Savannah,1987-02-26,35015.44,£,Self-employed,rfinley@burns.net,295.402.0757x354,Female
efe6b247-9084-4bdf-a707-7f8941fbe82d,28733404950,Alejandro,Wolfe,Belarus,Ohio,Stoutport,1973-11-13,110433.55,$,Student,harrismary@nguyen.net,993-855-3766x48919,Male
455f6bbe-ddd2-4aed-a346-a1375134e787,34426376866,Tina,Velez,China,Mississippi,East Veronicastad,1984-08-04,53456.44,$,Student,smithjacob@yahoo.com,+1-952-930-2490x988,Male
479254b9-899b-4d97-bf0b-67c09a998d0f,13924817910,Diana,Hunter,Niger,Idaho,West Shannon,1963-12-27,95028.78,$,Student,jonathan68@gmail.com,001-495-089-0113x91938,Female
4be91956-9fff-421a-8a58-c6cfdeffb8be,19951837255,Billy,Bush,Kuwait,Wyoming,Carpenterton,1983-03-22,117251.21,€,Unemployed,james31@gmail.com,698-447-1285,Female
8df4b3ae-f5b2-431e-abe6-a99ebcf335a2,99357786309,Heather,Sanchez,Serbia,Pennsylvania,East Autumn,1968-12-23,31233.55,$,Student,oadams@williams-merritt.com,102.937.2021x4414,Other
eea328e7-8505-4b58-bb63-23aaaee0c0f1,90206119178,Christopher,Gray,Guernsey,Hawaii,Wrighthaven,1994-02-05,38767.15,€,Student,rodriguezebony@hotmail.com,080.954.1726x5308,Female
23b42be0-1b33-4c53-9cc3-076818d27ac0,57236154083,Connor,Pearson,British Virgin Islands,Virginia,Lake Laurabury,2006-03-14,116077.2,£,Employed,fitzgeraldelizabeth@gmail.com,934-412-7903x12713,Male
9ae56e80-7cc1-4b2a-a99c-4375f0578a72,94541729806,Richard,Sanford,Luxembourg,Louisiana,Huertamouth,1969-04-18,78349.55,£,Self-employed,vanessaadams@gmail.com,001-192-482-9285,Male
69351a83-3141-4cbc-b613-1a928d79ac42,01807825922,Daniel,Pearson,Pakistan,Montana,South Nicolefort,1972-09-26,96266.1,£,Self-employed,llopez@yahoo.com,(589)343-6359x56776,Other
cc771368-7a5d-4b41-995c-a66fafaa6d9a,20326432949,Michael,Hill,Ireland,Illinois,Davisborough,2003-02-01,29518.66,$,Student,roybrown@yahoo.com,949.884.9801x2882,Other
3b71be86-78ee-42a5-bfd4-e8d060e84cae,40200769286,Christina,Gordon,Nicaragua,Utah,Lake Jasonton,1993-08-24,111718.25,€,Self-employed,ytapia@gmail.com,851-817-6081,Other
ae6152a6-1830-4efc-bb15-912d02f880df,41609397320,Sheila,Harrington,Vanuatu,Oklahoma,Jeffreyville,1988-02-26,97457.09,£,Student,richardsherman@reyes-martinez.com,692-986-3326x994,Female
8abdac40-828d-412b-8d94-a3b5fb738d31,87661153963,William,Aguilar,Lesotho,Delaware,Chanmouth,1969-09-10,56224.49,$,Retired,christine00@yahoo.com,001-286-853-2586x1163,Female
ea5c074f-9630-46bf-8604-a183fde7dc17,23831778736,Kelli,Nelson,Seychelles,North Dakota,Lake Jessica,1961-05-29,66181.12,€,Student,kimberly78@gmail.com,019.454.6696,Other
47728a04-455c-4073-a80b-0e96dc665009,58227294014,Nicholas,Price,Panama,Kentucky,Kington,1998-10-24,112813.73,$,Retired,nedwards@thomas.com,027-464-4851x8645,Other
53f324f3-7378-4d16-a20b-1e0168e46a3e,80107767341,Daniel,Wright,Suriname,Montana,South Triciaberg,2005-06-16,116154.26,$,Retired,nancy47@mcfarland.biz,796-423-2223x2049,Female
d41409a0-6702-477f-8ffd-bfa3316770dd,49501473589,Dustin,Johnson,Canada,New Mexico,Port Bethtown,1964-11-27,84867.42,€,Student,michael90@arnold-nielsen.com,001-008-867-3551x268,Other
1f2164b8-2f97-4c73-bf73-63c84e3f76e5,55679976048,Patricia,Lee,Turkmenistan,Oklahoma,Elizabethstad,1981-08-11,39104.1,$,Employed,hilljamie@hotmail.com,535.854.1724x333,Male
750786a4-b70b-4036-b417-a6a71f8aa013,13135796884,Amanda,Howard,Belize,Alaska,Amystad,1977-04-26,117491.77,£,Unemployed,qperry@martinez-martinez.org,643-342-8745x643,Other
6bcb778d-02e3-458d-a2c7-185d6ff35852,23013919493,Susan,Thompson,Montserrat,California,Ericamouth,1961-11-13,54966.44,€,Unemployed,castroalex@ellison.com,(037)481-5310x3484,Male
a0a4f033-26c7-4683-89e1-a55f53b2a758,88024948605,Marcus,Lopez,Zambia,North Carolina,Cassandraberg,1979-09-16,25234.94,$,Unemployed,navarrostephanie@hotmail.com,001-667-935-1220x28008,Male
490917fd-96c1-408b-8f10-98d324a49d38,59178317509,Dominique,Cobb,Brazil,Idaho,Michaelborough,1959-08-23,40942.78,£,Self-employed,walkertamara@long.info,(306)639-5805,Other
261f671d-c7d4-4220-aac6-2800c6823536,39667063267,Stacy,Cooper,Bosnia and Herzegovina,Minnesota,Smithville,2004-07-26,22121.08,£,Student,jasonwhite@yahoo.com,436-364-8288,Male
6f63028d-a111-46e5-a0ec-d8747da943cb,15232497901,Scott,Turner,Russian Federation,Nevada,New Danielleville,1982-12-17,27711.32,$,Student,rtucker@fischer-smith.com,001-219-915-5303x00516,Female
e50b46ec-03c9-4e27-b809-37b19956032b,07462174391,John,Ruiz,Turks and Caicos Islands,Delaware,East Kristinchester,1990-09-30,102947.25,£,Unemployed,garciakatherine@miller.com,740-157-2304x7580,Female
b9005efc-b283-45bc-a398-90298b4134af,43956828470,Rachel,Thompson,Venezuela,Rhode Island,Brownfort,1980-07-25,66482.71,$,Retired,mendezpreston@ellis-pena.info,473-276-4797x5622,Other
539d79a9-ee37-4312-92a2-cc7ef67d462f,32946953491,Derrick,Green,Western Sahara,Oregon,North Brandonside,1973-12-04,48042.97,$,Self-employed,donnamorgan@hotmail.com,+1-771-105-0468x170,Female
d16f0d05-f0d4-44c3-bbdb-effecab82c86,79132276567,Laura,Beck,Gibraltar,Vermont,Port Paulton,2001-09-07,57364.27,€,Employed,jonesmargaret@gmail.com,001-647-394-5114x38103,Female
63bd048d-66ce-4115-b28c-4be94b93fe7c,88353167409,David,Santos,Netherlands,Idaho,West Douglasview,2007-01-12,32313.72,$,Student,andrew82@rivas-bautista.com,7991134434,Female
7455d0c3-5ae4-4edd-acb8-4f643765a25f,03359324102,Christy,Smith,Congo,North Dakota,Cooperberg,1955-04-28,75854.98,£,Retired,nicholas77@yahoo.com,001-330-001-7776x72131,Male
49d7b177-7200-42a4-8700-6c244b5d7593,07587320822,Stacey,Simmons,Djibouti,Connecticut,West George,1992-12-28,98482.74,€,Unemployed,awolfe@hotmail.com,(023)919-5684x146,Other
b026284f-b639-4c05-9df0-cb14896dc90b,05079401648,Christy,Church,Angola,New Jersey,Lake Christine,1993-10-28,74532.13,$,Self-employed,nguyenkatrina@yahoo.com,+1-871-081-1361x6924,Other
62c106d9-b71d-4407-985b-915153c15bb7,89004643290,Nicole,Duran,Argentina,Georgia,Paulland,1998-06-06,101836.05,£,Unemployed,denise51@hotmail.com,522.160.6603,Female
6e854766-2adf-4c59-b18b-ced80ae65070,09824565817,Timothy,Lopez,Faroe Islands,Alaska,Port Robertstad,1996-01-04,33814.58,£,Student,kevin85@lawrence.com,083-982-8551x63643,Male
1c808271-e2e9-49b7-8a2c-f5130f041b65,02716149607,Nichole,Duffy,Guinea-Bissau,Texas,East Michaelstad,1974-09-21,30849.61,$,Unemployed,fschaefer@elliott.com,5349211581,Male
cf768948-dede-4e78-a496-186194ae99a8,14712544295,Brooke,Simpson,Costa Rica,Montana,East Johnmouth,1984-11-01,53148.06,€,Self-employed,jmiller@dean.biz,335.418.4993x08554,Male
c1f595a1-fb7d-46d5-8bee-a0bd8afe1365,17521485092,Sean,Pitts,Libyan Arab Jamahiriya,Missouri,New Jose,2003-11-06,40591.36,$,Retired,lerobert@long-owens.net,879.586.5402,Male
9b427573-39a6-42dd-80c6-2494321ddb5c,14545423817,Pam,Gardner,Holy See (Vatican City State),Utah,West Anthony,1985-11-09,79507.58,$,Self-employed,mjackson@lowe.com,+1-811-033-3750x567,Male
193382b8-829a-4b7d-a9a7-33dc6d1a7da7,83445999899,Thomas,Williams,Saint Helena,South Dakota,Jenningsview,1981-01-01,23439.63,€,Self-employed,richardmichael@diaz.com,001-660-186-9326x261,Other
43bb6a95-2614-4501-b2c1-b2cadc36eb88,19315788265,Michael,Hancock,Nepal,Indiana,Wrighttown,1958-03-22,21253.33,€,Employed,bishopbarbara@gmail.com,666.474.0325,Male
15bba462-10bb-4549-8821-285b3b069e57,95916622899,Susan,Le,Kiribati,North Dakota,Lake Kari,1963-08-24,42159.79,$,Unemployed,gailflores@young.com,(268)600-7613,Other
bf1c491b-4737-43fc-b8ec-fd6f1ada0bc3,34386413804,Joshua,Black,Benin,Virginia,Baxterland,1985-01-18,103479.8,€,Unemployed,lhubbard@carroll.com,(904)833-0189x994,Female
eb6b7fb0-48ff-470f-b235-818e2e441dfe,77888990975,Amber,Moore,Angola,Rhode Island,Lake Stanley,1985-12-05,97220.32,$,Self-employed,bparsons@hotmail.com,679.476.6194,Female
7967da75-6c6f-4f37-a131-951285b4ed29,08059256432,Crystal,Kelly,Oman,Montana,Port Justin,2007-01-24,57025.43,£,Student,ablanchard@gmail.com,(590)428-8089x32628,Other
e53c2f1b-803b-479f-9927-8384efbecfc0,68588385708,Ronald,Smith,Malawi,Utah,Perezland,1970-05-30,95620.98,$,Student,davidhiggins@johnson-long.com,+1-730-817-7290x43556,Other
d2b18561-2414-4f51-8e6b-25ccc9cc0ca5,77217724350,Anthony,Richardson,Argentina,Rhode Island,Port Christian,1985-03-15,105337.41,£,Employed,johnsonrobert@yahoo.com,+1-318-804-0197x25391,Male
734cb04f-7b2f-427f-a312-62dc97113512,90503226548,Erin,Rodgers,Cameroon,New Hampshire,Port Paulton,2007-02-21,22347.72,£,Retired,kyle65@hotmail.com,+1-869-775-0884x716,Female
715ad045-4db5-4235-94ed-cd9308ead984,82555533478,James,Cox,Nicaragua,Wisconsin,Burnettport,2000-09-15,58204.72,$,Employed,gzamora@hotmail.com,001-988-803-0095,Other
b4e94bdf-5ead-4f35-b191-972afefe8dee,75983127616,Brittany,Chen,Holy See (Vatican City State),Arkansas,West Joshuastad,1984-11-10,24874.7,$,Unemployed,howellmarcus@gmail.com,9440704039,Other
695814ee-5fe0-46a5-8e11-f293e03d6870,23873110865,Jeffrey,Silva,Christmas Island,Washington,West Shannonton,2005-06-28,100279.93,€,Unemployed,omedina@garrett.com,(382)324-8685,Female
49a68b6f-a0bf-4aa9-a7fd-2a29fa572e47,76323042401,Brandon,Lin,Armenia,South Dakota,North Johnhaven,1987-12-21,84346.02,€,Self-employed,melissabennett@stone-phillips.com,8837778355,Male
15dee780-0a67-49c4-81fb-cb5ed11a59ec,51788059840,Peter,Brewer,Armenia,Connecticut,New Amandaside,1992-06-01,37431.98,€,Employed,nathansmith@blankenship.com,001-822-322-1961,Female
746e949b-9787-4567-88ea-cbbe0d28500f,30302852603,John,Benson,Tunisia,Michigan,Cynthiaburgh,1968-12-30,38308.38,€,Unemployed,jsnyder@joseph.info,0242726655,Male
f3c9ad8f-acc3-4d85-88a7-360bc2f0ed77,16332983884,Tanya,Drake,Oman,Oklahoma,Lopezborough,1984-03-12,92672.2,€,Employed,brad68@brewer.biz,041.254.0926,Female
e8ea4310-60f7-455e-b7ed-60bf96e96296,43555796038,Amber,Sanchez,Canada,New Hampshire,Danielville,1997-09-21,33149.08,$,Self-employed,normandavid@hotmail.com,001-812-561-2470x0457,Other
b01dfd3b-dfd7-454b-b251-0759e0e61df4,74687240674,Devin,Gill,Micronesia,Utah,Parkerview,1983-04-18,63431.69,$,Self-employed,kellymunoz@yahoo.com,260.902.1606x7706,Male
76ab9d89-2941-4264-989f-f53277d5b858,49513900436,Ann,Norton,Korea,New York,Ernesthaven,1962-12-19,105672.3,£,Student,harold86@gmail.com,(847)578-1530,Female
ad04309e-0b01-4f06-aa22-f23690b75278,05440928995,Erica,Cox,Timor-Leste,Minnesota,Scotttown,1958-12-31,43068.98,$,Unemployed,karen41@lee-kirk.biz,+1-237-236-2700x7746,Female
ffceb8a6-204d-4824-bd82-260c7ffd561c,79536086344,Edward,Jarvis,Isle of Man,Connecticut,Davidfurt,1977-09-12,52388.67,$,Retired,felicia62@allen.com,+1-037-085-0479x8959,Female
145c288c-5b04-46d1-98f8-2936243d9862,38744996268,Tammy,Friedman,Central African Republic,New Jersey,New Sheryl,2000-01-11,109026.08,$,Unemployed,claytoncopeland@taylor.com,+1-259-586-1859x62427,Male
47cda026-2039-4e18-a505-f795499f0e6d,92531796517,Edward,Singh,Bouvet Island (Bouvetoya),Illinois,Wongburgh,1959-05-16,24092.43,$,Retired,hchavez@stuart.com,567.021.9434x8571,Male
ed73153a-1fa8-4dd2-bf92-b0c08a8aad78,75068921548,Thomas,Hebert,Congo,Hawaii,Port Lisafurt,1965-05-14,44986.98,€,Employed,jennifer27@bullock.com,(515)840-7951x72457,Female
c4d5655f-aebf-4ec2-9654-73dec5927823,60724576304,Terri,Gonzales,Andorra,Delaware,Joneshaven,1961-03-15,25390.52,$,Retired,hannaduane@yahoo.com,5481647983,Male
d9fc3203-1c76-4ae0-b5da-3fef6b9dbf57,59699841753,Sarah,Rivera,Dominican Republic,Nevada,Sullivanhaven,1965-09-23,88521.76,£,Student,courtneyanderson@yahoo.com,001-976-320-6690x8197,Male
ce072460-b16b-46c5-b209-fdc9e55c99d2,06278271010,Joseph,Thompson,Ethiopia,Missouri,New Kimberlyside,1991-09-30,48036.58,$,Employed,thompsonmaria@hotmail.com,106.296.4706,Male
c2a4b74a-c2b3-4f64-9e8d-64fd8719a207,48967115725,Kevin,Mays,Armenia,Missouri,New Adamfurt,1979-08-25,31933.53,€,Employed,morrisjennifer@gmail.com,(721)963-5656x239,Female
1111634d-c5a4-496b-aa89-6c364a090348,61322310807,Sergio,Walker,Congo,Illinois,Whiteport,1970-07-18,80648.23,£,Student,jamesyoung@hensley.biz,+1-496-944-2992x4926,Female
470d11b4-3ce5-47e5-ba36-9e44df6645fc,33266163095,Lauren,Dodson,Nepal,Maine,Dennisview,1966-01-05,72463.9,£,Unemployed,teresa05@little.com,2309839131,Other
05083d40-9463-43ea-afd0-4c61267ec0dd,62008755452,Steven,Robinson,San Marino,Delaware,Lake Jennifer,1999-06-20,109592.13,£,Retired,chavezkaren@gmail.com,+1-969-681-2936,Male
77bd85ea-eb59-4281-a5aa-f2c03fc14171,51310708134,Kristi,Reyes,Congo,South Dakota,West Tiffany,1995-02-19,83966.32,€,Employed,connerstephanie@campbell.com,(642)404-5927,Other
92f2d01b-d5b4-42cd-a56d-9b75ceb9ef21,02855668220,Stephen,Johnson,Mauritania,Utah,New Amyville,1963-10-16,96947.58,£,Self-employed,paul27@obrien.com,+1-696-044-2937x28391,Female
402cc2a3-36f9-453b-980c-c9a1767032ee,19738593000,Cameron,Edwards,Saint Kitts and Nevis,Georgia,Phyllisburgh,1955-03-07,91024.83,£,Student,wcarter@hernandez.biz,001-759-318-9321x60332,Male
0d43b9c3-99c2-4060-9306-d956dde9d34f,37580206463,Anita,Miller,Finland,California,Nguyenbury,1977-03-20,111834.62,£,Self-employed,christopher30@yahoo.com,(159)657-3157,Other
0216f80b-9a45-4f37-b61e-d93f537c051f,52203571748,Sarah,Campos,Albania,Ohio,New Amy,1984-07-24,95895.49,£,Student,madisonespinoza@burgess.com,+1-680-821-7263x11169,Male
faef72c7-82d8-452e-8d46-d5cd3ff8dde0,86018753197,Heather,Drake,Jordan,New York,Douglasfurt,1995-10-26,96934.89,€,Employed,smithtimothy@hall-hernandez.com,(703)389-5414x2998,Male
2c4b0acb-b49a-466c-8568-e9690a592847,14748242850,Jasmine,Schroeder,United Kingdom,Nevada,Port Michelle,1969-12-09,43104.03,£,Unemployed,bullocksamuel@gmail.com,238.455.5971x9303,Female
bfd7c3f9-74cb-4470-95fa-cb01e92d3a4f,94748611456,Brittany,Shelton,Hungary,Alabama,Brooksmouth,1987-05-01,37582.32,€,Self-employed,myerslynn@hotmail.com,075-856-2868,Other
ee49e860-7ca1-4b79-8398-8dfaa2791e06,02236956100,Megan,Goodman,Tonga,Kentucky,Lake Michaelshire,1978-11-28,103876.29,£,Unemployed,allentina@gmail.com,001-543-717-2754x521,Male
6444738e-c1e2-4a04-a9e4-3ab21f05e340,15317294878,Aaron,Smith,Kyrgyz Republic,Mississippi,New Tracytown,1990-03-07,77251.64,$,Self-employed,kevingordon@hotmail.com,472.206.6430,Female
ae7dd540-9fd7-4b47-a911-364933803ccc,57760199821,Raven,Wilson,Sudan,Washington,Port Natalie,1963-11-02,43202.34,€,Student,williamwalker@goodman.com,+1-748-899-0417,Other
e77d2782-c86b-4d6c-9273-4d08e454f6f0,01886587345,Anthony,Murray,South Africa,Illinois,Johnsonfort,1985-02-08,50964.72,$,Retired,lauragarcia@baxter.com,(447)677-1964x516,Male
be646b89-943b-4138-aed8-e819a54f0b78,82040819525,Daniel,May,Nigeria,Delaware,Lake Raymondstad,2000-12-15,100415.04,$,Student,brian66@moore-saunders.com,+1-946-348-9503x17531,Other
d94e4baa-0ef6-40d0-8d82-5a7ad37d9b4b,90934554862,Nicholas,Miller,Ghana,Minnesota,Laurenstad,1988-02-07,89432.79,€,Unemployed,chapmanmichael@yahoo.com,+1-091-298-7460x89112,Male
eb654cc9-bfbc-465a-b17f-da0847bc5e32,06572756548,Lauren,Park,Estonia,Washington,New Amy,1995-04-05,109560.76,$,Employed,david53@wallace-santos.net,001-898-884-7805x8680,Male
098c04a3-eae3-483c-9728-cf0aac198a8e,97922727801,Rachel,Gamble,Guatemala,West Virginia,Ashleyfort,1984-07-01,50738.74,$,Unemployed,qhowe@yahoo.com,297.233.6599x24886,Other
629bf741-bac5-4f5a-8072-62891cfd80fc,68903109503,Jesse,Gonzales,Jordan,Missouri,South Katelynstad,1972-05-04,96103.85,€,Retired,smithjonathan@figueroa.info,001-269-795-8043x0279,Female
e6ea9d4d-158b-4d0f-8603-7a538b852184,31919131060,Joshua,Rodriguez,Equatorial Guinea,Oklahoma,New Leslie,2003-06-01,102365.85,£,Retired,teresa08@gmail.com,381-345-1130x68536,Other
a114cccc-977b-4562-ba3b-1d48a6af5aef,33304577670,Maria,Graves,Holy See (Vatican City State),Missouri,Lake Nancy,1983-03-14,83764.73,£,Student,tstevenson@gmail.com,(754)946-9750x2106,Female
1670cbf8-a95f-4d3f-a866-8361916beaf2,39448803745,Ryan,Davis,Falkland Islands (Malvinas),Maryland,Michaelhaven,2002-02-10,69001.73,$,Employed,youngbianca@hotmail.com,5138249618,Female
9a14ca50-f3e3-40ca-8029-c5f15139ffe6,66981066580,Ryan,Lewis,Gambia,South Dakota,Lake Robert,1995-10-21,54566.06,€,Student,kimberly99@jackson-gross.biz,+1-318-439-2469x934,Female
0ffc19d3-3e44-4423-9f7c-6fd6423ae04a,15046384418,David,Jackson,Macedonia,Idaho,North Sonyachester,1975-02-11,62755.17,£,Unemployed,rwood@hutchinson-hayes.info,(671)483-2524,Other
64506ab9-4ebe-4128-9d81-335268649d9c,84658705273,Christopher,Martinez,Montenegro,Texas,South Susan,1966-12-29,68142.8,€,Unemployed,deniselopez@yahoo.com,926-784-6622x6367,Female
57a43d68-bd33-49e1-a702-f6f08d44aacb,43362862721,Aaron,Harper,Zimbabwe,South Carolina,Zacharyside,1994-11-18,113264.43,€,Retired,bonnie40@gmail.com,001-294-904-2601,Other
23048916-4c1c-43ce-9132-8eff16269bc1,98600100135,Matthew,Martin,Russian Federation,New Hampshire,Johnsonborough,1976-06-19,110599.42,€,Student,raykevin@hotmail.com,001-783-447-0272x598,Other
df9c2d67-2c42-414a-870a-d785baf58ceb,71254844686,Lindsey,Jackson,Denmark,New Jersey,North Rachelbury,1971-03-06,69241.73,$,Student,dylanschultz@hotmail.com,(089)617-2466x57505,Female
c8779b12-830e-46b3-9b81-c7e8d797e4b9,06351906300,Lori,Williams,New Zealand,Wisconsin,East Jamesbury,1999-02-15,69658.82,£,Student,palmerjacqueline@sanders.com,798.025.8828,Other
5243d96a-ed07-4590-8556-bd6d6a738973,23281053947,Aaron,Briggs,Bahrain,Delaware,Lake Kimberlyberg,1973-10-10,31501.32,$,Unemployed,murrayantonio@hill.com,+1-447-625-1987,Male
60db3dea-ca6a-4f88-9449-222864b1d63e,95804573950,Nicholas,Johnson,Japan,Maine,New William,1997-06-26,34991.21,£,Unemployed,mackjulie@yahoo.com,538-332-2910,Female
32330ddd-8866-42fa-b454-bace84ace977,87188402647,Denise,Daniels,Benin,Nevada,New Michaelfurt,1995-04-28,40870.07,$,Self-employed,walkerjohn@yahoo.com,381.784.6491x788,Male
3ac4eb92-0207-4790-a800-9996138c96dd,50868151262,Kathryn,Rodgers,Azerbaijan,Arizona,Ambermouth,1996-02-04,111432.97,$,Student,bstephens@stevenson.com,+1-496-534-9318x2227,Female
e458b44e-fb1d-416d-87d6-3386338ca471,93986738193,Katherine,Hudson,Liberia,Massachusetts,North Susan,1992-03-24,42979.83,€,Self-employed,pglass@yahoo.com,+1-443-383-7358x27650,Male
d97ac659-340e-4681-b3b9-f64381dff9a6,33969447470,Brandi,Ponce,Macao,Louisiana,West Angela,1981-06-06,25029.97,$,Self-employed,duncanteresa@parker-carrillo.com,(149)141-4260x71019,Female
d451f95e-d24f-43dc-b4c0-d184b26f349c,10613536487,Jacob,Abbott,French Guiana,Tennessee,North Staceyfort,2005-12-04,85528.49,$,Self-employed,rodriguezcatherine@brown.org,401.182.2231x021,Other
29d839d7-c58f-4fad-a6d0-9f1d65c95c90,12552052029,John,Bowers,Zimbabwe,Connecticut,Richardland,1979-09-09,49320.71,$,Employed,veronicaalvarez@hotmail.com,(272)849-8609,Female
a61a8e3e-42c4-4f00-bf31-a68954da0d66,08221461504,Michele,Bishop,Lao People's Democratic Republic,Kansas,Port Jennifer,1974-01-20,69000.39,£,Employed,melissasullivan@gmail.com,001-621-506-3504,Female
04cfcf17-3ea5-4642-a7b2-9de3e384c268,34374877363,Christopher,Thomas,Palestinian Territory,Oregon,Port Bridgetstad,1968-10-20,42842.56,$,Unemployed,martinezian@gmail.com,(118)108-8398x1604,Other
4c82a147-7a5f-4458-9bba-77411e715161,52289418005,Deanna,West,Nepal,Delaware,Port Melissa,1963-04-08,106625.55,€,Retired,sandramartin@yahoo.com,552.126.5502x400,Female
67f3a624-173c-4eb4-8184-492d132d73be,37781231651,Yesenia,Fuentes,Saudi Arabia,Illinois,New Tanya,1993-01-29,68595.77,£,Unemployed,emily87@monroe.com,001-588-483-3595x5292,Female
10a09957-9baf-42f7-8964-756acc74183b,48255106049,Dennis,Webb,Eritrea,Alaska,Gregoryport,1974-05-23,106298.19,€,Self-employed,emily42@davis-benitez.com,(554)961-1376x8076,Other
80e61c6f-9307-4e7c-a3e2-d86a0944ec2b,98401860199,Jenny,Vargas,El Salvador,Utah,Stevenview,1988-10-07,65813.2,$,Student,smithalexandra@johnson.com,007-737-5456,Female
6c671bbf-6fb0-47ca-b3c8-318a61250129,15913064429,Tracie,Keller,Chad,Minnesota,Port Betty,2001-10-02,44922.51,$,Student,kmoore@hotmail.com,496-234-6712,Female
ebfec3f7-77b6-4e22-885b-66c5ac4141d5,13745124600,Joseph,Palmer,Hungary,North Dakota,East Troy,2005-10-07,30044.13,€,Student,rparker@benjamin.com,693-372-3035x85984,Other
9e92072b-5cee-4c2a-aa85-20ea64391b02,85655752417,Mary,Vaughn,Niue,Georgia,New Bryan,1980-02-09,53696.92,€,Student,marycooper@hotmail.com,+1-554-529-7627x178,Female
815c9fa2-7625-4985-83dd-621b89dc7287,76170038209,Valerie,Walker,Zimbabwe,Oklahoma,North Matthewton,1959-02-24,98183.72,£,Retired,graymichael@martinez-flores.com,2567899323,Male
ef81b4c8-37e1-42ae-a0a4-93791be079a1,07404375428,Hector,Gates,Tunisia,South Dakota,North Robertport,1983-02-17,50678.42,$,Employed,rhodesmichelle@cabrera-lopez.com,(979)643-1331,Female
a457e865-5d8c-4c4f-b7e0-f7a56a4ed2c8,45369588198,Jon,Griffin,Puerto Rico,Wyoming,Cainville,1968-02-18,106062.21,€,Employed,abauer@fox.com,9127333834,Male
61d117bb-7b4d-44a5-ae77-ce41f949036d,06834055940,Joseph,White,Netherlands,North Dakota,South Eric,2003-11-14,69357.72,$,Unemployed,jeanetteingram@brown.biz,+1-470-141-9439x6993,Female
e367f90f-ab88-425e-9f97-2ee54d0548cd,20548717370,Nicholas,Johnson,Argentina,North Dakota,Suzannetown,1960-05-01,95020.53,$,Retired,kathryn62@garcia-knight.com,0838399668,Male
9a95928b-06fa-4c01-a676-ab194fa36fe5,41509781315,Melissa,Perez,Northern Mariana Islands,South Carolina,Cookborough,1958-02-22,113574.56,£,Student,andrew66@yahoo.com,+1-240-391-3989x4008,Female
1a2f3943-df97-43db-a0e1-e060d200411c,81776918304,Sarah,Perez,Taiwan,Hawaii,Fostermouth,1981-03-02,23477.45,€,Self-employed,collinsamanda@hotmail.com,2271454283,Other
8a2adefa-5024-4c85-b790-a561afddf7d9,66529773622,Paige,Winters,Belarus,New Jersey,Bishopstad,1979-02-10,54833.12,$,Retired,pgarcia@kent-lloyd.com,088.840.5732x55549,Female
f16fc707-738d-4cfb-8037-433382d574ac,11623216877,Katie,Wright,Northern Mariana Islands,New Hampshire,West Rachelfort,1964-05-12,24028.62,£,Self-employed,cassandra51@gmail.com,551-466-5531,Male
735f36d5-0bd0-4bff-b4ac-052871f1e89a,25180296722,Geoffrey,Martin,Grenada,Colorado,Webbchester,1962-07-09,118685.11,€,Employed,leonphilip@lindsey.com,930.002.2571x09455,Other
89b653fb-76c2-4209-a050-9ce22bbbbaa0,59979433485,Michael,Porter,New Zealand,Washington,East Stevefort,1987-05-14,90071.91,$,Employed,juarezandrew@yahoo.com,+1-828-738-4188x852,Male
785c1192-40d3-4700-b24b-ebba4bcd76e9,03293454941,Roger,Castillo,Niger,Utah,Sanchezbury,1977-05-09,61955.37,$,Employed,bbrown@owens.biz,519.241.6389x3398,Other
02210fd0-faa8-4a4d-9d78-2cb0831157c4,75618980614,Nicholas,Ford,El Salvador,Missouri,Burtonland,1989-12-15,30761.54,€,Employed,iroberts@hotmail.com,+1-903-629-2065,Male
c971cffc-e4e9-466c-a175-14e90ae9b3fe,00286324350,Debra,Cruz,Singapore,Massachusetts,Tammymouth,1989-05-25,67252.27,$,Employed,kendraortiz@gmail.com,618.207.4045,Other
54ecf4ed-3902-44fd-83fa-d986dcf0545e,91014034787,Daniel,Roman,Cuba,Pennsylvania,West Charlesfort,1992-08-14,98703.71,$,Student,pottsshane@gmail.com,(143)181-7708x785,Other
67deb719-f501-4345-a886-2fced7300c94,06001300704,Steven,Campbell,Somalia,Montana,Port Thomastown,1978-05-12,25999.54,€,Unemployed,jeannefuentes@yahoo.com,909.525.0082x178,Male
b1147a82-4534-4dea-8485-ff62f253f5c1,88724624284,Larry,Miller,Bangladesh,New York,Troystad,2000-11-12,25891.44,$,Unemployed,iwilson@hotmail.com,746-045-5415x0691,Other
b68df287-32b5-4a0f-a697-7d48feff8dff,32862172200,Jason,Forbes,Aruba,Hawaii,Robertshire,2000-11-16,64529.31,€,Retired,paulaphillips@jones-wilson.biz,9021577283,Other
b443e86a-a400-4fba-b03d-263968387e30,24592088980,Joseph,Bryan,Burundi,New Hampshire,Millershire,2001-10-16,45753.36,£,Retired,jonesderek@gmail.com,(587)120-9387,Other
67989261-f2cc-4ca5-84c9-d1a8f45d84ea,70209803681,Denise,Barber,Iraq,Hawaii,Lake Ashleyshire,1963-05-01,106794.38,£,Self-employed,daviddavis@nichols-herrera.net,+1-845-206-0597x61460,Female
31848dfb-5c0c-4076-9a69-32648b486ab9,21383916985,Samantha,Bailey,Monaco,New Jersey,South Lorifort,1958-08-19,87255.16,£,Student,johndickson@gmail.com,(816)918-0165x1894,Other
4acc28d4-69df-4ff2-8d0e-edb4e6178f3e,02458487971,Andrea,Ochoa,Somalia,Wisconsin,Tammymouth,2003-12-31,44073.04,€,Student,powellholly@hotmail.com,(541)879-6824,Male
134581d3-52eb-412c-85b8-9230de4769a7,99673635684,Elizabeth,Griffin,Netherlands Antilles,Arizona,Nielsenshire,1964-07-08,74395.86,€,Retired,ywalton@scott.com,(021)119-0280x8243,Female
1d06a018-97b9-4771-bfc5-3e80d264be87,45446774752,Shawn,Valencia,Peru,Missouri,Youngmouth,1984-09-07,65842.97,£,Retired,williamstiffany@gmail.com,761-201-2789,Male
6bfa122c-84fa-4bca-a6a4-afa5389e54cb,08514521675,Melanie,Haynes,United States of America,Massachusetts,Lake Richardmouth,1965-07-16,67353.92,€,Retired,dennis80@woods.com,8958524574,Other
978d6060-5490-4646-b72e-d1118fa89bcc,78519968309,Caroline,Johnson,Fiji,Kansas,Haaston,1959-02-15,69114.32,£,Employed,joshua90@yahoo.com,001-415-817-1250x46695,Male
dbd1f694-78be-4a13-a39a-24536cb5d267,30151253382,Corey,Russo,Sao Tome and Principe,Kansas,East Christopherfort,1994-02-18,88336.46,£,Retired,walter76@hotmail.com,001-952-993-3442x79196,Male
b85c519c-fcb0-4a02-b157-c3f7ab6bbe24,39460793185,Tara,Mccoy,Saint Vincent and the Grenadines,Oregon,Lake Ashley,1968-01-28,55869.55,$,Employed,reynoldssara@gmail.com,1167335023,Female
5e858a63-f363-4c42-9b9e-66c2e5926038,23786882533,Morgan,Miller,Sweden,North Carolina,West Andreside,1979-11-09,42544.54,€,Student,tschultz@perez.net,001-629-092-5954,Male
86e40200-b7c1-4fa5-9574-e49a09091ee0,19140446069,Steven,Simmons,Canada,Georgia,Stephenmouth,1970-07-05,35777.47,$,Self-employed,alawson@gmail.com,+1-462-916-1080x1061,Male
b202d4bc-7421-4c7e-88c7-e4178737e659,08507116574,Steven,Randall,Cambodia,Oregon,Solischester,1955-05-09,107403.28,£,Self-employed,rmora@stone.net,351-719-8232x0953,Female
aaf1dcf3-b8b8-49b7-8587-9ecc8d578a01,92881711260,Eileen,Aguirre,Togo,Alabama,Lake Whitney,1956-09-18,73166.71,£,Retired,caitlyn13@yahoo.com,4507036331,Female
e215699f-379b-4b02-bdf2-0894f887d4fe,87688688477,David,Miller,Mauritius,North Dakota,South Brittany,1981-01-23,102303.69,€,Employed,ogarcia@jones-cross.com,437.890.6006x0456,Male
f929bb5c-3857-4b5e-ac92-53d69820fe52,04899424310,Anthony,Dixon,Croatia,Colorado,New Matthew,2003-04-08,103085.56,£,Employed,williamsjaime@yahoo.com,+1-977-434-3743x0634,Male
abc3c1aa-5fa4-4da3-8d23-c9ac24953696,82222608805,Joshua,Barton,Haiti,New Mexico,Andrewville,1997-10-14,69937.41,€,Self-employed,davisjohn@peterson-bell.com,451.285.6437,Male
984a611c-e916-4068-a528-f430a195fcb0,66113780651,Caitlin,Dorsey,Macedonia,Connecticut,Port Lonnie,1965-01-27,38031.35,$,Retired,glovermolly@gmail.com,713-599-4031,Other
7b5ac2bd-200a-4f74-a70e-f309466ee2a7,24102813209,Monique,Thompson,Germany,Illinois,Gonzalezville,1961-04-16,64170.94,£,Self-employed,smithalexis@wells-fisher.com,998.301.2476,Female
8e2f554b-f39b-4b52-8262-b905320cc25a,51322129304,David,Hernandez,Thailand,Arkansas,South Jamesborough,1966-08-07,54025.37,£,Retired,bentleygregory@hotmail.com,349.461.0954x226,Female
6972ef99-a71b-46cc-bc9d-d12c273eee0d,46666193130,Danny,Martin,Lesotho,Connecticut,Samanthaburgh,1983-06-26,88062.15,€,Unemployed,kimberlystrickland@day.net,120.475.4812x485,Other
97cac954-821c-4ce2-a696-e03b469175bc,75278829214,Chad,Taylor,El Salvador,North Carolina,Brownmouth,1964-04-16,81381.8,£,Self-employed,rpeterson@martin.org,011.420.6007,Other
cfb896a0-0dc3-44d7-b8b1-4e5c5a75ebad,08056389970,Christine,Jenkins,Turks and Caicos Islands,Montana,Port Rodney,1998-09-02,83312.03,$,Employed,tonyadavis@cox-mclaughlin.com,001-730-798-8962x23067,Female
fa460d4f-e916-4fb2-a5f2-4174782498d1,77889101120,Benjamin,Salas,Netherlands,Maryland,Russelltown,1958-01-14,51384.97,£,Employed,williamsstacy@yahoo.com,504.185.1231,Male
0e671d64-5a1f-4512-bb04-13b33d188bd9,65392818030,Mark,Downs,Grenada,Texas,Bryanland,2003-06-20,82800.71,$,Unemployed,weberjason@yahoo.com,137.263.9291,Female
3c64e270-c5d1-4ad5-ae9a-d05a8fa4c217,70334737532,Kellie,Goodman,Vietnam,Michigan,North John,1971-07-08,95185.79,$,Employed,wisealicia@ortiz.info,8396369851,Female
36fcc8a2-fe1e-4a12-ad86-6c7814b0ad4e,25434918134,Juan,Allen,Honduras,Colorado,Williamsfort,1974-04-17,66789.53,£,Unemployed,madelineanderson@yahoo.com,(792)270-9263x9652,Other
63644746-4dc4-4bdc-a8ec-3e02847ff1d8,34407837748,Joseph,Young,Tokelau,Colorado,West Robert,1996-08-08,80556.46,€,Retired,ubooth@newman.com,693-923-7919x32079,Male
4236665d-2dc8-4609-8335-09ad08c79deb,75517747264,John,Myers,Costa Rica,Utah,Port Heidiville,1984-09-11,72955.96,€,Student,hansentimothy@gmail.com,565.215.8207x6463,Male
fd7121b2-aebd-452f-927b-868ab4d36817,13034237740,Philip,Wang,Norway,Georgia,Jennifertown,1972-09-01,81227.8,€,Retired,ijohns@gmail.com,+1-884-478-8585x811,Female
1f882245-692f-4a0a-b510-e932a0a2fd85,85986683382,Aaron,Sanchez,Spain,New York,North Edward,1990-06-28,50868.75,£,Self-employed,pamelarusso@gmail.com,001-111-574-6781x922,Male
a0bf5c03-d82e-43fa-acdf-0b8badf0e5cd,36941374837,Whitney,Moore,India,Kentucky,Milesfurt,1976-02-20,100423.76,£,Employed,david14@wilson.com,(704)919-2148x30713,Other
508f230d-6b9a-47d8-994d-026b09210f0a,37844551232,Preston,Harris,Rwanda,New Mexico,Port Heather,2003-09-08,21465.84,$,Student,grantjustin@yahoo.com,052.957.7348,Female
bf8bbb13-06d5-4c45-ae57-b41bb5fb7277,91270899082,Molly,Pearson,Mozambique,Alaska,New Robin,1986-02-20,39119.44,€,Retired,jdavis@gmail.com,398.736.6162,Other
43015721-06e1-4b11-acd2-28ab3466de4d,34098816113,Michael,Wells,Sri Lanka,Delaware,Johnsonmouth,2003-02-08,27865.77,£,Student,michaelcisneros@hotmail.com,338.142.7241,Male
337099b3-f09f-4b23-a6bc-2f2c0db470ed,45644523128,Elizabeth,White,Gibraltar,Tennessee,Darlenefurt,1969-03-29,26963.44,€,Unemployed,cameronjane@yahoo.com,(566)669-9434x0147,Male
34008efd-492f-482b-8653-171e19ea1ae2,19295445104,Jeffrey,Diaz,Ecuador,South Dakota,Michaelberg,1964-08-15,105568.2,$,Student,perezcarmen@price-martinez.biz,+1-495-776-3552,Male
4562df1b-ff06-4807-8d72-a3009c431ad6,01612360734,Caitlin,Rojas,Svalbard & Jan Mayen Islands,Nevada,Loriside,1999-11-08,94156.25,$,Employed,cainchristina@santiago-sanchez.com,806.729.9902,Other
bd2f7665-a1e1-4d8d-babc-faa5e2865c5a,03036521879,Nathan,Edwards,Iraq,Michigan,South Travisborough,1957-03-31,77601.43,$,Employed,vhill@torres-gill.com,(699)731-9005,Other
a715c09a-e771-425b-b3ae-c13bf2e9d455,14664057830,Kiara,Hardy,Finland,Alabama,Edwardsmouth,1976-05-09,99101.33,€,Employed,david62@gmail.com,1463078435,Female
5cef370f-600d-4e74-8fc0-fa595d24a716,80071376534,Katherine,Daniels,Romania,New Hampshire,Webbtown,1997-05-22,48653.75,€,Self-employed,stevensjoseph@yahoo.com,752-761-0106,Male
011ac9dd-7f69-4023-b9f2-3619a294370d,94984365765,Jacob,Carlson,Colombia,Louisiana,Lake Kimberly,1956-09-24,25605.58,€,Employed,robertbanks@yahoo.com,927.494.4480x18563,Male
97c1ad52-ba19-48a5-aefe-856fed875a87,26081544508,Maria,Potts,Aruba,Nebraska,New Lindsey,1992-07-04,22553.45,£,Employed,timothy68@wright.com,463.021.1691x281,Other
37993bc5-0225-4dbd-ae74-432a019d9535,07074166553,Judy,Parsons,Kenya,New Jersey,Lake Jamesville,1990-04-25,92625.23,£,Employed,james16@yahoo.com,(219)073-8408,Female
0f881d9f-61a4-4fef-8857-fb6281768d8c,55608540344,Heidi,Mccarthy,Bermuda,Alabama,Port Elizabeth,1982-08-06,46447.5,€,Retired,kathryn29@sharp-bernard.com,(806)824-8064,Female
8c5bbfdf-7984-450c-8263-c4dd22436880,59047925734,Jill,Davis,Isle of Man,New Jersey,Lake Lisaville,1956-04-17,116670.37,$,Student,rothjoan@yahoo.com,157-014-0274x954,Other
b1b295be-7e4a-4070-8777-b4a38332d677,39249878150,Shane,Rogers,Japan,Indiana,North Xavierport,1995-05-22,119070.97,£,Retired,kimberlyjones@david-dixon.com,+1-787-111-8767x22603,Other
2ffc3bad-3ec4-4670-ac91-4c264d5b6d5b,27978485781,Christopher,Nunez,Kuwait,Texas,East Brandon,1993-11-23,23623.3,$,Student,logan84@gmail.com,309.065.2685x706,Other
63b69330-8897-4bcf-a815-10dbe9c0e552,23039731718,Jonathon,Smith,British Indian Ocean Territory (Chagos Archipelago),Minnesota,Wallaceville,1985-10-17,60124.12,€,Self-employed,hannahlopez@wallace.com,752-774-8649x6113,Female
a5ebb0d6-096a-4463-bf1e-c4c0f241c56d,46148601842,Andrew,Morales,Guinea,Washington,Nicolestad,1994-09-01,29101.15,$,Self-employed,bbray@yahoo.com,+1-631-094-4031x35237,Female
5643a296-2afe-4ee0-b75a-cf577483efa0,62345211342,Melanie,Kim,Slovenia,Alaska,New Robert,1987-10-05,44832.38,£,Unemployed,shawn16@gmail.com,(900)246-9682x385,Other
9d490071-19ec-45b4-b57d-e44c25c1ca9e,35270398133,Lisa,Fritz,Libyan Arab Jamahiriya,Florida,Hernandezchester,1996-04-28,51782.5,£,Unemployed,andrew85@gmail.com,4325813501,Male
d495663d-df3f-4764-9824-b8a863421d48,16586728959,Hunter,Smith,United Kingdom,Oklahoma,Riveraton,2003-07-10,107691.52,€,Unemployed,wchambers@hotmail.com,565.197.2433x38892,Female
5948281b-95a9-403f-9cf6-251821372991,77256004931,James,Zimmerman,Falkland Islands (Malvinas),Idaho,West Paulshire,1983-11-22,46981.7,£,Student,mbowman@richards-hensley.net,001-970-352-8775x044,Other
723a3b5b-28bd-4834-817d-78f3c7e7d8aa,67350972970,Jonathan,Boyd,Pitcairn Islands,Pennsylvania,North Anthonymouth,1978-05-18,63668.8,€,Employed,shawnsmith@gallagher.info,270-380-4317x14514,Other
d38b3207-ab60-4763-af20-2d4670698b70,22995910873,Kathleen,Walker,Lithuania,Alabama,Robertville,1996-09-11,75169.34,$,Unemployed,brenda15@hotmail.com,001-747-879-1112x359,Other
d9956afb-54d8-4166-a880-be582a56829b,99115016048,Brian,Adams,Western Sahara,Missouri,Beckerberg,1957-03-14,44079.27,€,Retired,donna05@gmail.com,638.878.5215x1732,Male
0b0f6042-ab47-4202-8b39-e929651e2453,99248534236,Amanda,Buck,Qatar,Alabama,Wadeshire,1971-01-14,111967.84,$,Unemployed,sarahalexander@hotmail.com,472-263-9093,Female
27e17063-d14b-4c1b-b2c4-59be68ea9e57,07839087256,Heather,Ayers,Cameroon,Virginia,Port Lynn,1967-03-29,37688.82,£,Retired,lisachristensen@hotmail.com,816-281-7918,Female
a78e60eb-a811-4574-b4be-9c41a557cd56,00134596277,Christina,Sanchez,Palestinian Territory,Maryland,Ryanbury,1960-03-24,36219.2,£,Self-employed,kimberly37@gmail.com,001-704-534-3345,Female
84c8cb44-316a-4c38-9d9f-e6553fd266bf,86908291561,Bruce,Gutierrez,Guinea,Washington,Port Tony,1972-03-06,84461.79,€,Employed,umitchell@gmail.com,857-365-0293,Other
6e623f00-c99d-456c-9cee-f1946a087202,59707543400,John,Petty,Turkey,Idaho,Justinside,1977-05-02,91226.05,$,Self-employed,jason17@jones.net,001-983-594-4610x33274,Other
217e43bf-5576-4ebe-9ad4-a9ad21a700cf,84529612198,Sydney,Smith,Estonia,Montana,Thomasburgh,1972-12-14,50795.97,€,Unemployed,megancharles@yahoo.com,001-021-467-0284x230,Female
1d78ff8e-2f77-4b0e-8d3c-be787c4684b4,02549606507,Adam,White,Central African Republic,Indiana,Penatown,1997-05-14,20127.99,€,Unemployed,tayloreddie@yahoo.com,(940)963-1232,Other
f9da091e-d9cf-4346-a69e-a2ccdacc4630,76408291430,Michael,Baker,Grenada,Utah,Joshuahaven,1979-07-07,108270.64,€,Employed,mcrawford@gmail.com,(138)943-6999,Male
6d2175c0-a03a-41c2-9ee9-ceb37b240f64,35747724169,Ryan,Anderson,Falkland Islands (Malvinas),Rhode Island,Lake Jamestown,1980-05-29,31229.2,€,Retired,ricardowebb@gomez.com,081-797-0875,Other
d85282f5-fb94-45be-9727-2acde32eaa9f,58979979185,William,Jackson,Vanuatu,Alaska,East Sarah,2003-08-31,73601.35,$,Retired,darrellclark@sims.net,(322)523-6055,Other
c30118b0-41c5-4e28-9579-3f91ef03add4,73604664586,Diana,George,Afghanistan,Virginia,Jessicaborough,1970-02-20,115527.36,$,Self-employed,amanda21@hines-white.com,976.060.6514,Male
17abfa90-c128-49b7-828b-abf3aa6e03ff,56690254232,Kimberly,Palmer,Sri Lanka,Alaska,New Brian,1973-12-27,45936.99,£,Employed,karenwilson@yahoo.com,426-301-4223x85995,Male
6ee648be-3514-4e82-8f5d-5a96cf5c669e,61609433165,Sarah,Klein,Congo,Virginia,Millerhaven,1960-08-17,61723.66,£,Retired,david34@gomez-peters.com,237.454.2557x671,Female
4a8d068b-4e10-4008-a3a3-b5af4ff43355,12481451198,Jennifer,Miller,Libyan Arab Jamahiriya,Idaho,Vasquezton,1974-06-04,78776.68,$,Employed,anthony09@yahoo.com,490-019-3668,Other
38291c10-e5f1-49e6-904f-7fcead41f8b6,82623900833,Sarah,Powers,Tunisia,North Dakota,Michaelland,1973-10-09,110385.81,€,Employed,richardsonjennifer@gmail.com,560.550.0137x73809,Male
c04f2ddc-2258-4715-9131-97362e363480,26774081550,Elizabeth,Bryant,British Virgin Islands,Kansas,West Brittanyfort,1983-02-18,85773.61,£,Self-employed,jesseholmes@yahoo.com,+1-030-558-4891x20742,Other
9980ffc1-64ab-40d6-981b-3985301227b2,42183273437,Gavin,Malone,Jersey,Alabama,Port Susanhaven,2000-11-22,114970.06,€,Employed,richard05@garcia.com,+1-774-883-5424,Other
ddaca827-36e1-4db9-8b62-8128942da89e,28590317668,John,Reed,Cambodia,Arizona,Welchhaven,1966-09-25,100829.07,£,Unemployed,allenmichelle@yahoo.com,239.005.6147x92127,Other
51680c68-7482-413a-8c4e-ff320ef327d4,31582278199,Nicole,Dyer,United States Virgin Islands,West Virginia,Ramirezland,1991-04-08,112168.18,€,Retired,matthew99@yahoo.com,635-058-4591x900,Female
4f04468c-ae43-4d67-9968-591b5eaace21,14395899412,Hannah,Wallace,Finland,Utah,Martinezport,2001-07-11,88015.38,€,Self-employed,murphyrichard@gmail.com,782.363.3771x80349,Other
fd5ae21a-0782-4851-b70d-85b5edb5b79b,19486780471,Blake,Pratt,Czech Republic,Iowa,New Michaelton,1975-08-08,48637.01,£,Employed,johnmartinez@yahoo.com,+1-742-113-5993,Other
14f6c970-c70e-4846-97ba-499988a99246,49249740565,Penny,Allison,Western Sahara,Ohio,East Katherineborough,1997-01-04,107385.63,£,Student,cooklaurie@brown.com,(692)117-3092,Female
1153f518-98b6-4f4a-a1f6-dcfdb988a3e7,11199515264,Sarah,Scott,Lao People's Democratic Republic,Ohio,Port Lindafurt,1962-09-17,105029.35,£,Employed,ikelley@gmail.com,001-286-184-2975,Other
9a1a11cd-eeed-4588-861f-3601feb0f189,96333745880,Jonathan,Guzman,Andorra,Montana,Richardbury,1986-02-09,59633.57,$,Employed,cristian01@gmail.com,001-121-908-7129x99705,Female
03a4ecbc-ca3d-4179-9b0a-d4e95117dfc5,77527649739,Elizabeth,Valencia,Christmas Island,Utah,Sheaborough,1988-09-22,39093.34,£,Student,davidfleming@hotmail.com,+1-593-339-6499x440,Female
898f3486-d9b4-4a8a-b7e2-6256255d9d21,38711124105,Angela,Espinoza,Cuba,Hawaii,New Christopherberg,1973-08-05,74874.0,$,Self-employed,gramirez@baker.info,+1-770-697-2033x0097,Female
2fb9be90-56f1-497f-b805-96c1e72c7e75,42283223520,Cynthia,Joseph,United Kingdom,California,North Kaitlyn,1996-12-03,50116.48,$,Unemployed,jasminewhite@morales-erickson.org,(935)388-1525x02220,Male
2a0a129b-cbbb-49a2-976f-fe25d3375394,84905075890,Michael,Curry,Myanmar,North Carolina,Daleburgh,1972-11-29,114928.24,$,Self-employed,iwall@gmail.com,001-497-862-2882x3246,Other
75ac894b-9e70-4e57-b859-605e3cf3c1da,57948469095,Charles,Mcdaniel,Tajikistan,Missouri,Jonesborough,1958-11-12,77924.18,£,Student,alvaradojoyce@gmail.com,114-800-8605,Female
bea1b525-7b3f-4118-9737-aeed4cbcc4e1,52150224291,Drew,Price,Saint Vincent and the Grenadines,Idaho,Port Jacquelineberg,1976-12-01,112688.11,£,Student,vrodriguez@hotmail.com,+1-294-976-5106,Other
869e3c1c-9d57-4623-b645-3b1758642faa,78412012810,Jennifer,Hansen,Burkina Faso,Vermont,Mariamouth,1993-10-26,94871.93,$,Unemployed,powellclarence@luna-riddle.net,(612)469-0288x387,Male
c5391f7d-ebe1-4b88-a2f5-3343bfd14bbf,69724852075,Kristen,Wilson,Malaysia,Massachusetts,Jacobfurt,1987-01-20,33992.25,€,Student,brian25@hotmail.com,+1-017-047-6499x7678,Male
e662b042-10fa-449f-9c7c-09de99b8b7d6,02342965770,Steven,Mendoza,South Georgia and the South Sandwich Islands,North Carolina,Kruegermouth,2003-10-26,30888.63,$,Self-employed,qwilliams@hotmail.com,107-099-2746,Other
b8c7695a-dfb7-4a4a-8d86-f4c7c83edab2,90856322857,Latoya,Little,Botswana,Mississippi,North Christinaside,1980-08-12,74231.57,£,Student,cdixon@baker.com,067-161-1902x100,Male
4a246601-8caf-4b99-8ccc-e73058376334,38397343555,Ashley,Reed,Saint Vincent and the Grenadines,Indiana,South Aprilton,2000-04-06,117135.64,£,Unemployed,wwu@hotmail.com,+1-742-489-8455,Female
f27a34cb-79af-4cab-aae7-9644cc25b333,56851205246,William,Alvarez,Palau,Illinois,North Juan,1966-11-04,83768.28,€,Retired,evanscrystal@yahoo.com,(508)023-3216x86252,Female
dadfb5ee-8987-4d61-ae87-2eef0534fd4e,85608435079,Gina,Mills,Timor-Leste,Rhode Island,Robinsontown,1985-11-05,82036.65,£,Retired,frobbins@gmail.com,+1-776-563-6037,Other
45213d47-b067-4589-bc04-ae575da2f706,13725654425,Anna,Adams,Korea,New York,Karenhaven,1994-09-28,24306.59,€,Self-employed,clifford57@gmail.com,720.073.1684,Male
cbfbb3b6-1874-4e68-a2fc-915ea0cc92ea,54819151541,Joshua,Smith,Senegal,Arkansas,Cesarport,1961-11-29,46457.21,$,Self-employed,timothy63@cisneros-martinez.com,429.249.7302,Other
392c77b1-33e3-4a02-b83a-78938f944215,68090594824,Christopher,Rodriguez,Uzbekistan,Nevada,South Ronald,1968-10-31,45756.51,£,Unemployed,robertmorris@yahoo.com,262-314-7798,Other
0b322af2-a2f0-4466-959b-530e4a0ed6f6,60663269458,Robert,Adams,Mauritania,Utah,Harristown,1993-09-14,20450.3,€,Student,jacob80@yahoo.com,3008704930,Female
fc375605-a9cd-4e5c-bca3-d51d11dc3e83,78749102222,Cindy,Pugh,Gabon,New Jersey,Port Joann,2002-06-03,63455.16,£,Student,ryancrawford@gmail.com,(599)770-1094x14607,Male
13b3e8ea-0228-4970-8d83-04f35802aaef,69801863102,Christopher,Barnes,Israel,North Dakota,Annberg,1964-10-31,106934.46,€,Unemployed,bryan11@smith.com,601.100.8190x539,Male
c73245d9-746e-4e25-88b3-eeb7c6326483,92969207958,Emily,Crawford,Kyrgyz Republic,Alabama,North Ryanside,1977-09-01,23479.49,$,Employed,kimberlybauer@gmail.com,8650581973,Female
085d8313-3567-400b-8e2d-d78518d35296,02372442252,Katherine,Mckay,Central African Republic,Oregon,Nicoleberg,1955-02-28,86717.19,£,Employed,rfranklin@hotmail.com,001-831-226-4866x769,Other
0d37ec8e-c4fa-4ddf-97d8-a673f1d51cc6,86657297122,Brenda,Schmidt,Burundi,Utah,Sheenaton,2000-11-27,56572.1,$,Self-employed,tnichols@hotmail.com,718.097.8117x87472,Male
1dc5090a-2911-4bec-a848-d589586facfb,99744956879,Amanda,Taylor,French Guiana,South Carolina,West Joshualand,1957-05-14,58990.41,€,Unemployed,sherri58@lucas.com,831-550-1239x191,Female
0da3155d-0e57-474c-aee2-c3a20e5986da,87758102476,Bryan,Perez,Marshall Islands,Connecticut,North Charlesview,1955-06-28,22328.32,€,Student,moorecharles@ray-kirk.biz,001-199-984-9184x2846,Male
3b9d1631-8848-4a9b-8c8f-ffb4aa8342ff,26979155750,Michael,Ramos,Turkmenistan,Florida,North Priscillaport,1960-07-01,71098.2,$,Self-employed,myerslauren@gmail.com,071.627.8319x9417,Other
2155e166-b6ff-4820-adef-70e0ee6097c3,00348643853,Mary,Bradley,Latvia,Rhode Island,Lucasburgh,2001-03-15,96219.55,€,Retired,erin89@gmail.com,805-618-0642x047,Male
9969fc6a-1ab4-400a-a6e7-99093fa07ea6,32089859598,Alexandria,Martin,Bouvet Island (Bouvetoya),Mississippi,Gilmoreville,2006-05-20,74772.46,$,Unemployed,hsanders@cruz-lewis.com,(857)680-6681,Female
cc224c07-6834-4dce-9ad0-f3c7cf1e27de,02394379421,Brittany,Shaffer,Afghanistan,Oklahoma,East Hollyburgh,1960-09-05,94769.85,$,Unemployed,harrispatricia@hotmail.com,672-099-0090,Other
f8d097c1-f592-4095-baae-b6dd02974789,23338152302,James,Stanley,Uzbekistan,Pennsylvania,Paulafurt,2006-04-23,40878.83,£,Unemployed,tamara21@gmail.com,729.253.6551,Female
c845eaf9-7860-4455-af50-153f79f38382,26068708080,Christina,Cortez,United Arab Emirates,Kentucky,Gallagherbury,2005-11-03,113369.7,€,Retired,dayjason@gmail.com,(181)609-1564,Other
ceeb20ee-c42d-4b75-b08d-eb10c1841807,98578300483,Gail,Robinson,Bouvet Island (Bouvetoya),Michigan,Port Cindyside,1978-10-13,112639.64,$,Retired,michelle09@valencia.com,(931)975-0781x030,Other
c63264ad-53b0-4ace-a4c7-c48ce19a275f,66296249390,Brittany,Cisneros,American Samoa,Massachusetts,South Michellebury,1975-10-13,27802.11,£,Student,xwhite@gmail.com,001-045-877-9646x69944,Female
d2523124-c3ab-44cb-a804-06fc939a6f22,01594455406,Rachel,Stewart,Egypt,Utah,Debbiefort,2006-08-18,21108.94,£,Self-employed,loveaaron@yahoo.com,027.273.6527x84307,Male
0b907489-01ad-4e3a-ba57-47f8818a6838,65537431424,Tyler,Coleman,Northern Mariana Islands,Wisconsin,Robinsonshire,1979-06-18,48758.9,£,Retired,rogerbutler@hotmail.com,035-366-2648x6454,Male
b91633b6-aaa5-4801-bbd6-6bb7495bf780,42232695000,Jason,Ortiz,Dominica,North Carolina,Lake Daniel,1995-11-21,34510.79,$,Unemployed,michaeldouglas@thomas.net,+1-113-253-0922x7507,Other
46911233-c3af-45ba-b3cb-8db108a1ca69,33603750845,Joe,Waters,Finland,Montana,Jordanland,1998-12-08,47982.17,€,Retired,xwalls@owen.com,+1-782-623-6872,Female
aed8d805-93a8-4117-b208-3980e8848e38,33624331469,Robin,Parker,Congo,South Dakota,Claytonberg,1992-07-21,66669.42,£,Self-employed,seancastro@yahoo.com,5084491058,Other
7e393a71-2634-4c43-8321-af6ad359bc0d,46175577680,William,Green,Cayman Islands,Oklahoma,New Ericstad,1987-01-26,20156.55,£,Self-employed,christinamccormick@gmail.com,046.496.4185x27465,Other
ce90842b-3df4-4384-ba32-ec68d1eb747e,56562247322,Crystal,Rosales,Lao People's Democratic Republic,Minnesota,Friedmanmouth,1973-09-29,113215.67,£,Student,dmoore@hunt-weber.com,(525)615-1050,Other
51d300f9-d94f-4fde-ad7f-d529d7d5b6f3,13907969731,Isaiah,Mitchell,Sudan,Vermont,Barrettberg,1962-08-21,47360.6,£,Retired,samanthahowell@king.com,238-906-8055x437,Other
06520c8f-78f1-4bca-8af4-5ca401706e34,27051920006,Veronica,Diaz,Korea,South Carolina,South Jeremy,1986-07-02,48709.67,$,Retired,carol86@yahoo.com,001-258-801-6956x9553,Male
4559e904-f187-4947-9ad3-cd3506f18bd9,03764581352,Thomas,Garcia,Comoros,Maine,Robbinschester,1973-09-13,72374.49,$,Self-employed,beth13@blake-barton.net,908-362-7455x51382,Other
d0807b17-7cc6-4208-968b-d282af51f51f,41646541200,Bryan,Wu,Djibouti,Illinois,Mendozaville,2003-10-11,58179.69,$,Unemployed,hendricksnatalie@gmail.com,+1-272-178-6697x73825,Other
6e50039c-2ad7-476a-8050-ec4891b94b50,01532342705,Melissa,Moore,Uruguay,Michigan,East Kristy,1968-04-11,62454.52,£,Student,nthomas@gmail.com,137.114.0904x13633,Other
483cd072-3de3-4e19-ba50-a467a78aaa88,33950897623,David,Fisher,Iceland,Massachusetts,East Lauren,1997-07-29,27289.85,£,Unemployed,jonathon23@gmail.com,664.263.5884,Male
7d68cd8a-724d-44ca-9cb1-3dea402d4498,50795378769,Michelle,Woods,Sierra Leone,South Carolina,North Teresa,1954-11-15,44203.8,£,Student,joshuahunt@yahoo.com,267-261-7879x916,Male
ecf25b45-04f7-4e55-9957-f68c4dbe19af,97534067030,Edward,Chan,Pitcairn Islands,Oregon,South Hollymouth,1997-09-05,23435.95,$,Retired,adkinskristen@gmail.com,136-190-0335x23797,Other
05211512-c1f2-4b49-acf0-96e76ffed69e,21216110964,Heidi,Berg,Andorra,Illinois,Scottchester,1955-02-21,94152.97,$,Self-employed,mark09@gmail.com,1625220746,Other
4f9c8a29-851c-4dd3-892b-ae982728434b,39795100424,Sarah,Shea,Suriname,South Carolina,Suarezfort,1955-11-24,80870.09,£,Retired,vdavis@pace-nichols.com,(973)930-1523,Female
904f81b9-7dc7-49b1-a201-5dbca876a7f0,37436457420,Valerie,Baird,Latvia,Kansas,Perkinsfurt,1979-11-08,45809.14,£,Unemployed,yshields@yahoo.com,9091087131,Female
df5d4fb4-6b90-4728-821a-6eb90c5b24d7,17120849255,Angela,Jones,Gabon,North Dakota,East Caitlin,1987-12-07,25773.72,$,Employed,iwhite@gmail.com,972-432-1904,Male
44f1c87c-c86c-4fbf-ac8d-239978d67fd4,13758040906,Michele,Reynolds,Israel,New Jersey,Brentside,1981-06-12,37863.98,€,Self-employed,twhite@yahoo.com,001-804-597-5076x951,Male
158cce6b-01c3-423a-bf36-bdc07d7a9956,32125636727,Jennifer,Fischer,Haiti,Nebraska,Adamville,1971-02-24,104357.36,$,Unemployed,brian40@hotmail.com,(358)906-1179x84958,Female
13f9ee97-a0c1-467e-93de-08b872ca0a90,67532916014,Ryan,Burton,Japan,Illinois,Michaelland,2004-04-07,96013.62,£,Employed,fmullen@gmail.com,(529)441-7115x15188,Other
e128636c-4d46-4df9-a284-fac0ef386076,27702882964,Glenn,Clarke,Lao People's Democratic Republic,Maine,Port Bradyton,1995-03-07,64952.0,$,Student,rodriguezjennifer@gmail.com,(417)349-1996,Female
579a553b-0da6-4729-9c0f-9c93aec61930,17579592622,Wendy,Wilson,Saint Helena,Illinois,Daychester,2001-06-21,91075.26,£,Unemployed,millerwilliam@yahoo.com,(007)932-7720x76681,Male
811023f4-c69e-4d61-9e5e-2c11ca34d641,57719573137,Melinda,Johnson,Guatemala,Tennessee,Jensenmouth,1988-09-01,74657.92,€,Retired,ashley35@jones.biz,635.655.2950x321,Male
0edbaf30-4adf-4ffd-9425-4a897ba7b631,16957350991,Alexandria,Jackson,Ecuador,Alabama,Port Selena,2002-11-03,71986.67,$,Unemployed,mbernard@snyder-barton.com,001-729-261-0791x735,Other
0e8cb61d-c668-4cce-8e4c-55ba33219660,27510914663,Kendra,Schmidt,Guinea-Bissau,Alaska,West Michaelville,1966-10-29,90312.45,£,Employed,patriciahernandez@gmail.com,001-001-422-1283x717,Female
6e3efb39-9490-41d5-aabb-e18e6cd6a5a5,73277402444,Steven,Rodriguez,Indonesia,South Dakota,Wendyshire,1992-05-01,25578.14,€,Self-employed,timothyscott@beck.biz,755-587-8902x5567,Female
37a460e3-b819-49ff-8ef9-bc2959d2e03c,31229252061,Gregory,Moore,Sierra Leone,Tennessee,Lake Josetown,1961-01-10,78200.18,€,Retired,hamiltoneric@yahoo.com,460-163-5449,Female
4d244725-7481-4015-adb5-3c2856bb14a9,10597083371,Amy,Adams,Norfolk Island,New Jersey,West Brianland,1975-07-16,63163.29,£,Unemployed,christensenholly@clark.com,4245996132,Other
e3dceb1e-ada7-4d5f-8370-f69592878012,86879542719,Hannah,Mack,Sweden,Virginia,Traceyside,1976-06-27,32214.67,£,Employed,christinagriffin@yahoo.com,(512)785-4920x3804,Other
8156c30c-173b-4aaf-b23f-3030ff110beb,87198046010,Doris,Preston,Albania,Tennessee,Rodriguezburgh,1988-04-17,74269.13,$,Student,kennethbrown@gmail.com,+1-869-959-3840x03905,Male
57ca23b5-fdde-40f3-9369-96224ad6a7df,29272038227,Samantha,Cabrera,Philippines,Rhode Island,West Coreyview,1973-08-09,92486.01,€,Student,singletonandrea@owens-silva.net,8667690360,Other
02b96713-fd1b-4898-9d0a-8aeb0fca4ed2,58611969316,Erin,Hernandez,Falkland Islands (Malvinas),Nevada,Buckfort,2005-05-31,64257.18,€,Self-employed,velasqueznatasha@willis.com,107.686.7586,Female
fb3d46e7-e86c-4d0b-a476-35f48eb6612c,12935079469,Alyssa,Munoz,Lao People's Democratic Republic,Kentucky,South Jennifertown,1966-06-03,56443.75,$,Self-employed,fyoung@yahoo.com,(561)736-3099,Other
91c3cbff-362f-4f2a-b461-085a91f7e324,71840969598,Jacqueline,Mckenzie,United Kingdom,Illinois,Port Tanyaland,1962-12-17,31839.15,£,Student,sharonestrada@rivera-christian.org,024.567.6969,Male
2e610f59-69dd-4c8c-8c4a-d0ff103ba98c,98303824783,Victoria,Turner,Barbados,Virginia,Webbstad,2002-07-06,34776.9,£,Student,nicolebridges@hotmail.com,747.956.3090x458,Male
ea51c03e-d3b1-4384-9f7b-ac6e56c80677,89476899808,Darryl,Park,Bouvet Island (Bouvetoya),Alaska,South Glenda,1968-06-26,38869.9,$,Retired,victorwilliams@hotmail.com,266.682.2109x231,Male
0de07b4e-f328-40d7-b044-e6cb4010d3c8,36601514675,John,Roberson,Montenegro,Tennessee,South Jamesville,1991-03-31,58491.46,€,Student,brian34@sampson.com,001-628-233-0830x485,Female
3e6ead3b-86e8-441c-b202-d1155df7315d,76998851553,Jack,Deleon,Romania,Alabama,New Melissa,1970-08-29,108101.96,€,Unemployed,markking@hotmail.com,+1-266-842-4083x852,Other
f24af24f-0946-49b2-acb6-c97f5c573457,25646372054,Thomas,Stanley,Moldova,Delaware,Hayesside,1975-07-01,95704.93,$,Self-employed,kevinberger@gmail.com,145-131-3516,Male
d09545af-ed34-46b5-9ca5-28562ad60539,58306131150,Courtney,Berry,Jersey,Connecticut,Chenhaven,1961-09-05,58492.89,£,Unemployed,adam44@yahoo.com,0141448311,Male
f22332b6-b97a-42b3-816d-2ce055b4d0e8,81388532476,Katherine,Reed,Guam,Missouri,East Jacob,2002-10-29,34858.32,£,Employed,uhoffman@estrada.com,(880)758-0619x97437,Other
a004924e-62c3-4025-b53b-3e55907d97d3,81526906783,Isaiah,Smith,Mexico,Washington,New Kimberly,1963-12-11,109798.34,£,Student,sabrinagarza@yahoo.com,+1-598-853-3107x1711,Male
95f76653-103a-47a7-8349-f327f96ece83,54244791701,Courtney,Johnston,Vietnam,Connecticut,East Randystad,1963-10-27,101562.32,£,Employed,nguyenfrederick@gmail.com,001-999-284-7411x00957,Male
c7c35b36-a0be-4eec-9298-78ce9e939130,34662895995,Donna,Adams,Netherlands,Florida,East Ryan,1968-02-21,55678.04,€,Unemployed,daniel92@hawkins-cox.com,001-054-885-9906,Other
0ec2d803-640a-458a-b205-22039a5aef54,95546789085,Daniel,Lopez,Martinique,Iowa,Odomfurt,1956-12-18,110091.15,£,Student,ryanmelissa@gmail.com,(952)333-7013x6495,Female
bf444e4c-afe3-4854-9440-0da77b3752c7,57155671738,John,Lamb,Marshall Islands,Kentucky,Port Julieborough,2004-07-28,87446.85,£,Self-employed,joshua51@brown-brock.com,+1-490-393-5853x587,Male
b902fd9b-b638-4367-b3eb-447225db57a7,57745679150,Linda,Massey,Lesotho,Alaska,East Joannaberg,2002-07-02,97253.51,€,Unemployed,tyler39@martinez.com,8068305281,Other
d6199774-5734-4062-9988-647a2373087f,68701897306,Alyssa,Riggs,Central African Republic,North Dakota,North Charlesborough,1994-08-07,93685.32,$,Self-employed,andrew54@thompson.net,+1-657-713-9269x8750,Female
03ef57ad-5470-46ef-b141-d5f29999dda8,57650139700,William,Zimmerman,Australia,Iowa,North Linda,1971-10-26,72619.04,€,Student,jesus90@hotmail.com,+1-385-579-9751x0394,Other
05b37e83-7a6b-46bd-b3fb-755a6d824777,19936595440,Carlos,Higgins,Guinea-Bissau,Maine,Jackview,1987-12-18,36608.46,€,Employed,clarkjennifer@gmail.com,250.843.4326x35590,Female
6a77f9bf-ef9f-46b8-8b54-cbe520862c99,71950219712,Laura,Rice,Lao People's Democratic Republic,Illinois,North Susan,1983-11-16,20988.99,£,Self-employed,davidneal@perez.biz,300.584.9404x3719,Other
c2642571-24d7-448a-bd2d-1b98e1742f45,44661321510,Patrick,Fischer,Seychelles,Washington,Port Patriciahaven,1955-12-03,51038.11,£,Student,wolfepaul@johnson.com,(058)882-7393x38532,Female
edd87eac-0754-4579-9b6f-15393076f21c,60965648443,Ruth,Marshall,Cuba,Kansas,Loganton,1971-01-30,20918.12,$,Employed,rachelgallegos@rangel.com,+1-838-217-9911,Female
1ec11885-5836-4f7d-96be-2eb06a0320b1,44307138716,Barbara,Rivera,Philippines,Vermont,Port Ashleystad,1998-08-22,82717.26,$,Employed,zacharyvelez@ashley-zuniga.biz,1840846497,Other
b45d8ed1-b881-4df2-af1f-06e571a76f47,76509474247,Tiffany,Ramirez,Libyan Arab Jamahiriya,Idaho,Kimberlybury,1980-12-10,21568.19,£,Employed,vweeks@cooper.org,+1-681-694-7761,Female
d8546192-c31b-407e-8b30-0c301233885a,92117358667,Helen,Rodriguez,Mozambique,Pennsylvania,West Michaelport,2007-02-04,102747.9,€,Employed,jennifercox@joyce.com,+1-741-322-2024,Other
74442924-e591-4ac8-acda-fd01d623fa48,83107287601,Victoria,Guerra,Christmas Island,Ohio,New Chadmouth,1966-12-14,47435.93,£,Student,moorecody@yahoo.com,896-129-9475x66731,Male
fcd2e74b-4973-41e3-b418-47bb0e375794,86960559006,Keith,Nguyen,Seychelles,Minnesota,Amyfurt,1966-01-27,75801.11,$,Retired,kevinjordan@murray-baker.com,393.370.7817,Other
d41249a6-6d07-4ac2-b3ad-0c647c30ef01,99228959606,Annette,Aguirre,Hong Kong,Kentucky,North Sandrashire,1994-02-14,57068.06,$,Self-employed,alison36@harper-avila.net,+1-967-411-5573x6798,Female
2cbe8af2-3ab6-4298-a0ad-a298ea134f5e,54155116790,James,Silva,Austria,Iowa,West Dianaberg,1975-03-16,41957.33,$,Unemployed,cynthiafreeman@burnett.biz,179.957.0009,Male
8ed10a1d-c19b-4d79-aa8a-2c6aa7de922d,82082097676,Amber,Maynard,Holy See (Vatican City State),Maryland,Russellfurt,1997-06-02,97211.91,$,Employed,emilywood@gmail.com,001-846-165-5040x742,Male
9df13f6a-3474-4c97-bbf1-92c3cb6acd52,12619824524,Michael,Calhoun,Bolivia,New Hampshire,Bettymouth,1999-09-10,96004.84,£,Self-employed,trodriguez@hotmail.com,+1-007-011-0464x2273,Male
58d1c5c1-2d83-4dde-af15-10b1e485c788,51564795454,Benjamin,Fowler,Hungary,Kansas,Lauraside,1972-11-24,101951.99,$,Student,matthewreynolds@gmail.com,248.605.2618x5194,Male
e0cda3e5-d805-41ce-b161-f7650aceb260,91981452907,Scott,Beck,Kenya,Wisconsin,New Benjamin,1957-07-18,118025.89,$,Self-employed,khenderson@gmail.com,+1-702-105-2898x032,Other
0b135fa4-37d9-4043-8058-219d306a770a,87246851860,Robert,Lynch,Congo,Illinois,Ortegaburgh,1973-05-22,47196.27,$,Retired,itorres@mathews.com,043-484-9075x6277,Male
f60f3271-fe43-46df-82ba-ffd528fe15c0,04227761905,Monica,Mccarthy,Mexico,Montana,South Michaela,1977-09-23,100562.15,£,Employed,coleashley@gmail.com,(941)659-3919,Male
33301cbf-6ae1-446d-8517-7ebcca2476bc,80636625397,Anthony,Arellano,Kuwait,Kentucky,New Craig,1993-04-04,31731.66,£,Self-employed,irwintara@thompson.biz,(752)621-6897x979,Male
6ce31994-a54e-4bcf-bf0d-4a38f13eaccf,68660605080,Richard,Robinson,Swaziland,Rhode Island,Lake Hollyfort,2007-01-05,39754.4,$,Student,ekeller@gmail.com,6369956686,Female
2417178d-2241-4b7c-a6b4-25379ab10a95,61988198330,Patrick,Hill,Antigua and Barbuda,Arkansas,Lake Susanstad,1985-12-11,35078.55,£,Student,scotttimothy@yahoo.com,4983550167,Male
07c5749b-f66a-45fc-b419-651265426705,91475594038,Timothy,Payne,South Africa,Kentucky,East Pamela,1992-05-25,20452.13,$,Employed,christopher78@gmail.com,887-497-4254,Other
e0489e69-a067-4ce6-96f7-970ef97ae1ab,59613320555,Nicolas,Wells,Western Sahara,Rhode Island,Boydfurt,1989-12-30,116047.54,£,Self-employed,brooksjoanna@gmail.com,123.329.2275x62704,Male
79578eaf-7453-4040-a9b6-91e291ba6e57,87185536561,Teresa,Taylor,Uganda,Tennessee,New Sylviaburgh,1979-03-11,81865.53,€,Employed,kentkaren@dixon.com,285-770-4443,Other
6f79539e-a554-486d-80ad-c76e849c289e,12299622390,Linda,Sanders,Myanmar,Montana,West Lindsayberg,1997-05-02,21669.81,$,Retired,richard54@gmail.com,+1-442-878-1810x232,Male
4f76fa02-e05c-42f6-a95c-2248416e4bb1,83967118797,John,Fuller,Tokelau,Florida,Karenland,1958-06-11,75549.22,£,Retired,kayla33@meyer-thomas.com,386-606-1620,Other
1f833ac4-6834-40a4-bc2a-576076da22f0,37300681212,Stephen,Smith,Moldova,Minnesota,North Matthewbury,2006-04-20,98607.89,£,Retired,teresagarcia@williams-brown.com,+1-281-029-0110x2507,Female
89b724a8-084d-4bf1-a2d4-cd2ca9ee8133,53805876742,Chelsea,Wang,Haiti,Kentucky,Davidside,1954-08-04,115405.96,€,Student,andrewbell@pacheco.com,290.691.4570,Male
ccc66d29-1780-46c4-8092-59d5ec5bb508,90331948486,John,Miller,Ghana,Illinois,Port Heatherfurt,1966-07-04,64142.15,$,Student,dphillips@hotmail.com,001-043-060-2509,Other
5e0204c8-0690-4108-9353-2cb6cb36d723,17935965811,Jay,Gonzales,Philippines,Nevada,North Julie,2007-05-28,63533.28,£,Self-employed,washingtonsamantha@fitzgerald.com,512.656.3160x27266,Male
bc81be45-44e4-4a38-9bf5-51d01749735d,56067917149,Sherry,Hill,Kenya,New Hampshire,Lake Coreyland,1994-03-01,87108.98,£,Unemployed,bryce12@alvarez-reed.com,926.906.6525x299,Female
8d3aa568-a70c-43da-bedf-88f8dbc76812,03695002450,Samuel,Villegas,Gibraltar,Alaska,Franklinfurt,1991-08-07,85849.91,€,Unemployed,imiller@yahoo.com,(501)643-5721x1413,Female
8e2cecfa-60fb-4543-ad6e-87f3f25abc86,40404537863,Richard,James,Bahamas,Hawaii,Barkerfort,1998-05-23,102828.43,€,Student,ingramjoyce@reyes-graham.info,+1-854-532-6447x3376,Other
725d6cb7-46d2-4c4e-b8e2-6cde9788a7cc,20160636027,Chad,Clements,Bangladesh,Massachusetts,Matthewfurt,1959-07-21,92579.35,€,Employed,terrellbrian@wolfe.com,7475208169,Male
d07c6b07-b10e-4f7b-841e-9b6238d255ac,64941329449,Cody,Lambert,Lesotho,Nebraska,Vasquezside,1971-01-03,82953.26,£,Employed,maryfreeman@yahoo.com,+1-986-778-0275x7985,Other
1c9fc7db-6da8-4037-87ad-6a58afc09ac2,29043491110,Brittany,Coleman,Belarus,Maine,Melindachester,1986-06-15,78665.17,€,Retired,kendraschaefer@yahoo.com,001-424-977-1439x48860,Male
80f27b1d-2900-4f6e-a1f8-4bb95c9e95e4,33913092021,Julie,Calhoun,Bahrain,Massachusetts,Lake Vanessa,1996-12-12,53200.82,£,Retired,markowens@walker-savage.com,001-514-832-2946,Other
e1aaf191-aec3-495a-9d7b-9524da5bb1bb,14319082230,Michael,Curry,Fiji,Washington,Garciaside,1990-01-27,111360.9,€,Employed,michaelanderson@yahoo.com,202-949-9549,Other
5a15134f-119f-4c1e-a495-496d47ca5b08,78897867782,Ann,Singleton,Iraq,Florida,Port Amyside,1961-01-21,56340.76,£,Unemployed,yvettemiller@flowers-payne.com,(112)574-0658,Other
4ee2db15-824d-4978-be10-89bde3b2d6b4,44088846346,Nicole,Hobbs,Chad,Connecticut,West Mariaton,1991-10-29,89289.22,£,Unemployed,perrypeggy@hill.biz,(048)221-0426,Female
6c13f1cc-cadb-4f39-8f03-60edb056ce46,36768187848,Javier,Webb,Cayman Islands,Wisconsin,Freyland,1975-07-31,48434.8,€,Self-employed,markholt@heath-berg.com,663-534-1371x021,Female
5278997a-ae4a-4095-a019-5887c07f3081,83380600890,Alicia,Holt,Brunei Darussalam,Kentucky,South Christianfort,1994-09-10,44111.67,€,Self-employed,hicksroy@yahoo.com,+1-541-237-2997x15129,Male
9323f074-cf1e-4511-88b3-5263ebb84e23,85219178130,Steven,Sutton,Montenegro,Maryland,North Chad,1964-05-21,78948.33,£,Retired,jeffery45@clark-stewart.org,(580)365-8386x877,Female
a6ac7191-f5c4-4758-887d-45a06591c097,20526289910,Amy,Edwards,Austria,Nebraska,Lake Haileybury,1999-07-27,110746.22,£,Employed,jfry@rios-green.biz,0525151307,Male
1e4f3ee1-a27a-4910-9db0-c6c9a5b77913,00530471680,Miranda,King,Gibraltar,Wisconsin,North Amandahaven,1981-08-24,111862.98,£,Unemployed,ijohnston@johnson-white.com,179.357.7315x2760,Male
1d8c7629-8c66-437a-acdc-4d8d42bed940,43738003673,Tim,Jones,Palau,Nevada,South Daniel,1998-07-12,41984.54,£,Self-employed,jack95@hotmail.com,(188)042-7770x4518,Other
28f7983f-67bb-4d9a-9601-7ac199ac6d82,77414089843,Devon,Owens,Guinea-Bissau,Maryland,Michealhaven,1991-10-16,87864.64,£,Student,donald02@yahoo.com,913.629.7801x49571,Other
62273e75-07e7-4f24-8705-7964c99cdaa8,52612442774,Erik,Williams,Cayman Islands,Rhode Island,East Brianna,1989-11-03,46237.46,$,Retired,ywilliams@wagner.net,219-478-7334x25748,Male
4fa9643f-ddae-40a0-aa99-81caa8f693d6,25767638470,Elizabeth,Powell,Saint Pierre and Miquelon,Iowa,Schmidtshire,1979-07-17,87349.7,€,Retired,burtonpatrick@gmail.com,001-101-016-6386x51009,Female
73fa1b41-b302-41f4-bc97-45e2237e67ce,00813167981,Andrea,Jackson,Uganda,Delaware,Matthewmouth,1999-05-22,37313.17,£,Self-employed,stevendavis@gonzalez-harvey.com,+1-689-933-1762,Female
25edd72e-5813-4738-badc-2b8f1a4d3bab,74636384806,Dakota,Chase,Sao Tome and Principe,Alaska,Craighaven,1957-01-05,34485.59,€,Self-employed,lanebenjamin@hotmail.com,(754)671-0111,Female
cee97f15-7204-44c9-81f8-c45e3e1859de,09740114873,Mary,Robinson,Tanzania,Massachusetts,Danielland,1962-12-29,38713.93,€,Self-employed,caseywilliams@gmail.com,(259)072-9254x25641,Other
bd00e8f3-eb5c-4c13-be60-ebc001c9ca31,57832012005,Caleb,Wilson,Tokelau,Minnesota,East Ambermouth,1982-11-14,20062.29,€,Retired,johnsonsteven@gmail.com,+1-378-853-5691,Other
946628de-27b5-4dfb-8aaa-39a51b0e99b7,68443644400,Ricardo,Wilson,Monaco,Maine,Paulchester,1978-04-06,31505.42,£,Self-employed,nicholashayden@ross.com,636.973.8793,Female
a4c004e2-d09b-4448-a2a0-f7ce689226fc,59891620069,Joshua,Taylor,Saint Kitts and Nevis,Wisconsin,Smithmouth,1993-09-07,24335.46,£,Unemployed,taylorcraig@gmail.com,233.087.1871x6770,Other
