product_id,brand,model,model_year,price,country
e032296a-79ae-4f6f-a4b0-b040e8526e9b,Kia,Sorento,2017,$98926.14,Gabon
a81fe124-c3d5-48f0-aedc-2175251bb712,Chevrolet,Malibu,2007,$81729.91,Venezuela
6c6a971b-8ab6-44ae-80ee-cdf2f6070200,BMW,3 Series,2020,$19175.45,Luxembourg
89155257-cea2-4312-9b1f-4ee159aaf79f,Hyundai,Kona,2021,$23810.86,Indonesia
d39e11c3-5105-4bd6-9c66-bb9bf894d42d,Ford,Focus,2006,$86796.9,Mexico
f8d0dd2c-e4bd-428e-bf4c-cbafb0db75b9,Hyundai,Elantra,2008,$64101.6,Christmas Island
f1355204-906b-487a-9707-8a26f79af1c5,Volkswagen,Passat,2008,$23968.29,Zimbabwe
79b55c63-ee10-4e6a-ac0b-83d215b356d5,Honda,CR-V,2013,$21504.25,Sri Lanka
9ad65ec5-c5b3-4b0a-a449-86c084a7877a,Nissan,Versa,2012,$60984.01,Aruba
c1e57bab-545a-4c55-9143-66048d05e436,Honda,Accord,2007,$73917.04,Latvia
34789656-cd7e-4de3-956e-7e866944465d,Ford,Explorer,2012,$54590.35,Philippines
c690c369-e55c-4c77-8a21-dc39d48123db,Toyota,Highlander,2021,$38311.48,Germany
ef6609a3-9e1f-4b41-88f5-2e7ce263bfd4,Volkswagen,Golf,2008,$97742.93,Macao
e530fa61-60d0-41ee-b125-231418e4b189,Mercedes-Benz,GLA,2020,$26022.39,Netherlands Antilles
590ee9c6-d5d8-4f1d-9b8b-18b79a6bc680,Chevrolet,Spark,2014,$93855.74,Eritrea
0bc5380e-c6b3-43c5-89f9-5dc60a7d1a48,Chevrolet,Spark,2017,$88900.61,Wallis and Futuna
aac8b89c-d043-45c4-8f97-c4599eb9d7cd,Chevrolet,Cruze,2012,$47830.03,Peru
fb491f0e-b6fc-47ed-8ef5-ba8c886ce892,BMW,X3,2016,$97559.93,Puerto Rico
add2584b-53b8-4b9d-bab2-60a7d74916e5,BMW,3 Series,2007,$96469.38,Trinidad and Tobago
f180c733-6141-4a42-9463-0ffdfc6eb615,Honda,CR-V,2014,$84146.97,Korea
8205fdfc-d164-4fe7-bd71-6670b046c2c3,Volkswagen,Polo,2025,$99688.34,Thailand
70b64d91-be67-4772-973b-80f5ba05d70c,Ford,Mustang,2014,$84682.49,Slovakia (Slovak Republic)
3d7096b2-b6ff-4310-a451-7f80043c6838,Honda,Pilot,2019,$68844.33,Thailand
2158bf35-8cff-4da2-9ce7-e8424a152077,Honda,CR-V,2024,$29600.24,Sierra Leone
a2480e4e-6ee1-465a-9905-0a0f302e2346,Toyota,Highlander,2019,$37325.9,Argentina
4012df7c-ba5e-4a75-9e58-fa40571af12e,Ford,Explorer,2012,$66195.9,Puerto Rico
b4e2f86d-b83d-4075-986a-83a794b1ae40,Toyota,RAV4,2019,$55643.16,Nepal
2b8ede36-8673-46f3-aa02-d6277e47a464,Ford,Focus,2015,$58401.37,Tanzania
67ff495f-093c-4055-96ab-3f876df8bc71,Volkswagen,Polo,2018,$33245.7,Ethiopia
3fd7400b-3b03-4880-a4e8-7478e3f89f9d,Kia,Rio,2017,$96727.46,Nepal
a663d397-1bb2-4e53-a01e-363259b59cb0,Honda,Pilot,2023,$38882.15,Colombia
ef8c628a-3919-46f6-a383-1b50ab1b0689,Toyota,Yaris,2011,$21385.32,Mexico
74b6cae5-5d76-4f04-9494-1015da409b71,Kia,Optima,2006,$70867.5,Martinique
1464eadb-5527-4d6d-bfcf-6643c371e981,Honda,Pilot,2007,$93576.39,China
e9cc2656-f6fb-42a7-9649-0e8901b5b6a0,Kia,Forte,2008,$71369.36,Lao People's Democratic Republic
2c1fe6d8-0c62-4a3b-b846-74484291c1d5,Mercedes-Benz,C-Class,2012,$74799.56,Reunion
3db811a3-0bd2-4d50-af40-899a7284dd06,Chevrolet,Trax,2006,$71058.11,Ethiopia
e1d030e7-c46c-4e30-9a73-c32e35f08fd2,Nissan,Altima,2018,$42894.53,American Samoa
2817bac7-18f5-46fb-9038-f6d0b12b8010,Mercedes-Benz,C-Class,2018,$37958.65,Myanmar
632e2a91-5794-434d-9c04-8f1021e21ae5,Kia,Forte,2011,$65869.86,Australia
da77829d-b845-4cfe-9ffb-cf60d317e125,Toyota,Camry,2013,$42916.91,British Virgin Islands
a821616f-8be0-4f87-985d-cebad930b82d,Kia,Forte,2007,$79146.02,Malawi
65c40fef-2289-412d-ad59-d0fbc0c25833,Mercedes-Benz,GLC,2014,$53801.58,Azerbaijan
e672b6d5-3803-427e-9fb0-99a1b0310895,Toyota,RAV4,2008,$77752.7,Zambia
af6dc1d2-2924-4de1-b192-267f80a0b6cc,Volkswagen,Passat,2022,$56639.6,Anguilla
fb54ec6d-367b-4f7b-b2f1-6f0f37632260,Toyota,Yaris,2006,$18715.93,Micronesia
003d14ca-d9cd-4d2c-81f0-928f4aa823b9,Mercedes-Benz,GLA,2014,$67867.92,Georgia
911ed73f-644c-4657-8623-45ffec0ac49e,Toyota,Camry,2013,$15961.92,United States of America
99b3dbb5-9847-4591-b88e-9fa1a5bdf53c,Nissan,Versa,2025,$62138.37,Azerbaijan
b81e733a-8385-4aef-abee-a217098c2be6,Mercedes-Benz,GLA,2012,$43710.8,Norfolk Island
1ff201bd-b2e1-4bca-b860-eaec3d87ff17,Toyota,Camry,2023,$73295.12,Australia
8760442a-6fc0-4743-b665-7006a178a26a,BMW,X3,2023,$43024.47,Belize
0a0ce158-8302-4655-b8ec-9177d62a1836,Nissan,Versa,2006,$29119.9,Martinique
9d04955e-e3cb-4870-9619-9be085e0cf8d,Toyota,Highlander,2010,$47133.48,Sri Lanka
2ff7782d-3784-45d0-a72c-28ebb5278a9d,Mercedes-Benz,GLA,2014,$78934.01,Pitcairn Islands
70f7c72a-9187-4fea-afde-cf6552741eb2,Mercedes-Benz,A-Class,2013,$33510.32,Bolivia
20b533a7-d83e-439b-b571-4a585832cb5a,Chevrolet,Trax,2016,$23729.5,Isle of Man
3ccec087-104c-4246-a911-144eefd4aa99,BMW,X1,2011,$65760.48,Paraguay
5980196c-58fe-487f-8526-c2fc66f85d05,Volkswagen,Jetta,2012,$59020.04,Malta
783c74dc-efe2-427f-a6d3-7e1a4c402357,Mercedes-Benz,E-Class,2013,$48078.11,Qatar
40070660-90b5-41d4-850f-2fa0c936a39c,Ford,Fusion,2022,$91055.16,Dominica
c60d528c-3425-4cfe-bf58-8c94c2ff4003,Kia,Rio,2008,$45206.07,Jordan
6e22a053-dfb6-44f9-aaa6-9453b26e84d7,Ford,Mustang,2016,$36957.26,Congo
b2ebdae6-dcc5-4cc8-81e2-dcc2cc8fbeb4,Ford,Explorer,2020,$26277.96,Guernsey
31e64890-caa9-48af-a43c-84d20db750c0,Toyota,Highlander,2011,$96245.46,Montserrat
be253ccd-7494-4ae0-a4ae-dd283fd9da90,Hyundai,Kona,2007,$35915.51,Seychelles
5ee8d407-db8a-450a-9a22-9eefde307bc8,Volkswagen,Passat,2005,$73313.98,Congo
f95c553e-9f72-45e3-9a53-1ac7bb6ebb8f,Nissan,Versa,2023,$54724.06,Venezuela
370082bd-f6b4-4d84-82a7-823beaa8cc5a,Volkswagen,Passat,2021,$18913.04,Nepal
242b5a6d-3887-4d2b-9c42-eb241539780d,Volkswagen,Tiguan,2021,$52830.01,Tunisia
a42e20f9-df03-4d84-8fcd-0756aca38a4c,Volkswagen,Tiguan,2005,$83140.08,Togo
fa7069a8-9123-4c5e-af81-7e505bc40008,Nissan,Sentra,2021,$66724.81,Saint Lucia
eb7c94c0-894e-47ff-837d-54ce2c846be1,Ford,Fusion,2015,$75466.81,Fiji
953e5b65-43f1-4d28-9df1-1a1757532c0e,Chevrolet,Equinox,2016,$88220.83,Sweden
dc1a6d82-3c52-4e8d-a713-0831230165f3,Chevrolet,Trax,2012,$30343.69,Denmark
f9e3ee7d-fc34-4c46-8094-271ed7999d1c,Toyota,Yaris,2016,$97897.58,Isle of Man
7671cf20-4d39-4962-a40e-1a73649a9fdb,Chevrolet,Spark,2006,$19147.48,Somalia
7f8a122a-d4b1-4fb5-8bd0-f4ad380eacc1,Honda,Accord,2022,$21780.33,New Zealand
84daed0d-195f-468a-9a1e-4a60b54bd0ef,Volkswagen,Golf,2025,$53464.26,Saint Vincent and the Grenadines
4a3910e2-2f77-4ad9-af34-0d6e050c515d,Hyundai,Kona,2024,$70317.07,Greenland
a55a53a5-5649-43e9-9069-77a9702c99d8,Nissan,Rogue,2017,$89206.56,Burkina Faso
1d2a3bfe-058c-4e33-b62e-af77ee08a794,Chevrolet,Cruze,2013,$33063.6,Tokelau
d57ef169-75a8-4653-a44c-f0bfe8d160f3,Nissan,Altima,2011,$41319.04,Kiribati
ffe2514d-9716-4554-a4f2-52eab8d2569b,Honda,Pilot,2012,$51736.51,Moldova
fe2f0302-9804-4fff-9718-fe468236fe37,Chevrolet,Cruze,2012,$65846.36,American Samoa
5bb848cb-059b-43fe-8550-f61f86b65bdf,Honda,CR-V,2018,$81325.15,Spain
2773adc0-d096-4502-bcef-8dd3d6ea5c7a,Mercedes-Benz,C-Class,2023,$81253.37,Liberia
09944784-bd09-4dfb-a675-2edd268ec728,Hyundai,Santa Fe,2025,$84394.2,Hong Kong
65815e2a-9f94-4cc6-a578-67b374b21a78,Hyundai,Sonata,2018,$36376.85,Algeria
c1d0b079-47b3-4865-b190-7fe97585bb8f,Toyota,Camry,2014,$57893.26,Paraguay
fb57fc42-6349-4eb6-9347-5d1a1b6ae083,Nissan,Rogue,2006,$49635.24,Saudi Arabia
769b5caa-9845-4338-a1ac-0ec060e64236,Nissan,Versa,2022,$91959.31,Antigua and Barbuda
7ba8b11b-6321-4558-ad47-055e59a52a85,Mercedes-Benz,A-Class,2017,$20536.49,Nigeria
f6509af9-4f98-4e29-b4a6-a046a035d4d4,Toyota,RAV4,2013,$16870.74,Bolivia
fa46d891-052e-4709-9710-305dd76864bf,Ford,Focus,2008,$20232.87,Hong Kong
fd7d3b7c-3a72-428b-8d71-d700551a2cff,Volkswagen,Passat,2007,$58799.83,Qatar
ffeeec54-4f9d-4888-9e37-58cf7f899126,Hyundai,Kona,2010,$75975.32,Sri Lanka
d0184737-d872-48a8-ab99-b5c4fe7e93b9,Mercedes-Benz,GLA,2007,$70684.23,Palestinian Territory
35a320e9-8356-4cc2-aba8-e0552d13cd42,Hyundai,Sonata,2007,$28248.8,Nepal
6c14cbff-7260-4e77-9dfb-9b2c667fabfc,Honda,Fit,2023,$40711.27,Greece
a524161e-770e-4964-acdf-e34e5f2b878b,Honda,Pilot,2012,$81659.5,Kuwait
932eafff-3ff5-4343-8e08-355d87452bd5,BMW,5 Series,2023,$27343.73,Timor-Leste
7c151e6f-7851-40fc-9aa8-27276664ff1d,Volkswagen,Polo,2014,$76901.71,Svalbard & Jan Mayen Islands
da635236-7b88-474f-8d4a-b04cb0096daa,Nissan,Versa,2009,$96869.48,Estonia
32722b0f-f3ba-427a-b45d-5363dfbabd06,Hyundai,Tucson,2006,$31662.64,Chile
23067772-1e14-4ca5-84c6-98e737642a88,Volkswagen,Golf,2007,$33726.29,Afghanistan
acc0f176-cee5-485c-973f-c1e77df63d0a,Kia,Optima,2022,$19504.45,Kazakhstan
e318a6ac-ed9a-4544-829e-5f9bcda5cf37,Mercedes-Benz,GLC,2012,$99532.79,Qatar
f034ea77-d301-4a69-95cb-fafede64b809,BMW,3 Series,2013,$28714.35,Vanuatu
79c5554d-f1cc-445c-a048-c990cc8a8825,Hyundai,Kona,2015,$89479.47,Barbados
a2167624-1811-44f5-b01d-852b16dea8eb,Chevrolet,Equinox,2013,$42484.82,Nicaragua
5ff63934-d3f9-4c45-bcf2-0f4db73d22c4,Toyota,RAV4,2005,$77830.66,Costa Rica
97a7d670-4e08-430f-aeb4-52fc74cb08d0,Nissan,Rogue,2024,$63963.71,Grenada
6e5387e8-91dd-4648-a253-0d892770d0e0,Honda,CR-V,2015,$52533.15,Burkina Faso
3f79e001-8c5c-481f-9ce7-f5baacb36984,Volkswagen,Golf,2021,$33776.72,Venezuela
50a2e93a-866f-4496-8a8f-7f3defaf8539,Nissan,Versa,2016,$64109.31,Venezuela
e5bed404-19b8-4fc9-a819-fbde6fa29dd3,Hyundai,Tucson,2017,$65317.45,Brazil
fa60385b-08d8-41ed-9619-43454070def1,BMW,X5,2013,$95519.22,Nepal
cfd23267-1d05-49c1-8882-b02b0f3cf2cc,BMW,3 Series,2022,$69510.24,Martinique
a3b0381e-320f-4799-a5b7-c1723ba1cbe1,Toyota,Corolla,2010,$69347.63,Burundi
5c1d2a2e-6ce9-467b-a618-88499b535086,BMW,X5,2017,$39433.01,Uganda
5e8657ab-ec72-4dac-b413-a068f6db916b,Nissan,Murano,2023,$87583.42,Iraq
ef19c69b-4e7b-4546-b847-b0b6318767a5,Volkswagen,Golf,2011,$19226.48,Belize
59d41758-e85b-4690-ae3e-3f4b44183f15,Toyota,RAV4,2006,$50974.21,Falkland Islands (Malvinas)
90c12cb2-9d20-44c7-a1ba-eaaa04cacf55,Ford,Focus,2009,$27558.15,Yemen
75183259-121e-4b7a-9ab7-6afa697716ef,Volkswagen,Golf,2006,$65893.41,Guinea-Bissau
b10fca0d-1836-49da-bee9-5bd40bccb019,Volkswagen,Jetta,2020,$62517.73,Tokelau
bc940c18-dc05-4ee5-a708-767cae4f10e7,Mercedes-Benz,GLA,2008,$49946.12,Jordan
2ffd3580-6504-4ff0-9ce6-f3fbbb804376,Ford,Mustang,2023,$77745.61,Togo
aed3ac4d-add1-44b1-9bf8-690d762b0aa5,Ford,Fusion,2024,$46748.43,Colombia
21e081c7-794e-4e48-a408-33f22c3539da,Chevrolet,Malibu,2022,$23023.04,Bangladesh
70bb8e3f-eace-4f55-bb73-21dbc3d790bd,BMW,X5,2020,$99415.69,France
56dfd242-fd3f-4bcd-bc71-269783548531,Chevrolet,Trax,2023,$20106.24,Morocco
0d8ace95-7289-4b46-a825-de2c0c032bb7,Mercedes-Benz,GLA,2021,$74600.15,Bermuda
5f08afef-30fc-4b8f-ae94-065d23e1590a,Chevrolet,Cruze,2007,$90814.61,Costa Rica
85011c11-4958-472e-bb40-f906371e3c2a,Ford,Focus,2006,$25507.51,Egypt
37714c4e-95f5-43a9-8e16-7e237e44e9ce,Hyundai,Elantra,2010,$72025.55,Philippines
885c88b4-81f6-4e48-82b8-484b1669c60a,Nissan,Altima,2016,$53948.73,Libyan Arab Jamahiriya
3d31c899-b909-4084-a364-8a000a25442d,Ford,Mustang,2018,$69823.57,Grenada
f8fd0ba2-99ed-45c3-96c2-43b9159da041,Nissan,Versa,2013,$36122.25,France
93b53eed-ae51-4ab3-b35f-241775eb7cf8,Honda,Accord,2021,$79127.63,Saint Helena
0399dbb8-ea17-4571-ac3c-5cd602aeaa07,Hyundai,Santa Fe,2025,$80633.92,Rwanda
a931c7d6-9dcc-4145-bb44-8971d6b5eed0,Kia,Sportage,2019,$62032.32,Palau
0b65f730-81d9-4b57-8428-a558e206fb57,Kia,Sorento,2023,$98297.65,Guernsey
2378e7af-a49a-4113-a8af-79af67d63659,Chevrolet,Cruze,2023,$41976.23,Haiti
5d6afbe0-5975-4051-8eea-36c488be5ac1,Nissan,Versa,2017,$33545.53,Mongolia
65eb4b85-dbc7-4d75-b9ec-fee0467cd77e,Chevrolet,Equinox,2011,$51445.19,Saint Barthelemy
28cc659e-c391-4768-bce0-2fc3b8743ce1,Volkswagen,Polo,2023,$88196.63,Italy
909f8eab-6f12-4d54-a552-db3960107fc2,Kia,Sorento,2019,$38122.45,South Africa
4555e411-e956-4d3e-87fe-60d43d926b79,Chevrolet,Equinox,2010,$38653.94,Algeria
ef43feb9-c7b8-4a74-8ea0-88edc5b009d7,Toyota,Corolla,2017,$74874.26,Moldova
43233f7b-5eb2-41c3-b8b9-167e5e667629,Honda,Civic,2020,$54087.39,Bahrain
721111ce-16bc-45ac-871a-658b3948f781,Toyota,Corolla,2016,$67759.64,Chad
cf85094d-6999-4e95-9c81-fdcbbeaef183,Mercedes-Benz,GLC,2010,$56675.84,Mauritania
6c6fc07f-2026-40b7-b71e-6ba2a81c9235,Volkswagen,Golf,2025,$58574.56,Netherlands Antilles
a7ac8a6f-fd57-4b3c-ba37-9911300fc2ad,Ford,Fusion,2015,$96930.43,Kazakhstan
8b795c4c-482f-4721-8bfa-6e285b2c8d89,Toyota,Yaris,2021,$62563.43,Korea
f4c3d02c-65ed-45f2-b86f-9d6cc74ac14d,Nissan,Versa,2024,$29097.14,Brunei Darussalam
94816607-4961-4b60-868b-892f5d864e76,Nissan,Versa,2009,$89749.36,Cape Verde
0c8103b3-e4b8-4f41-b2a0-57135c8ceda7,Hyundai,Sonata,2010,$50249.93,Serbia
e5b4de7c-777a-4e19-b206-da84b37e65b0,Toyota,Corolla,2005,$49008.33,Iceland
88ab5a6e-51df-4c09-894e-a38c0c195c84,Chevrolet,Malibu,2008,$49077.43,Tokelau
d1adb1ad-382d-4080-abbb-2d44d2f565a3,Kia,Forte,2017,$24802.9,Spain
2bc9818c-e92f-4cc6-b5a0-bbd28f0011cb,Chevrolet,Cruze,2015,$34918.5,Serbia
3f37c2e1-3482-4829-980b-8c7b8130f9af,Hyundai,Sonata,2019,$83723.67,Australia
e941d75f-24a7-4470-8867-95c355ba2759,Ford,Explorer,2018,$42241.1,Israel
d41bc540-9bf0-4df6-b5ef-37aae2257870,Toyota,Camry,2025,$99581.14,Italy
1a46eed4-8450-467e-9759-f92943fa429d,Hyundai,Santa Fe,2021,$66219.89,Spain
c3502929-b5ad-41ff-8d80-13e6ce5f1be7,Honda,Accord,2015,$84714.63,Malaysia
8df6b0dd-e436-47a4-bf91-45d075557a32,Toyota,Highlander,2018,$39128.01,Aruba
c92b38e9-5c33-4653-9dfc-099ab1f53a01,Hyundai,Santa Fe,2015,$64387.05,Samoa
1ab44923-0b36-4012-b651-a31397802d1f,Hyundai,Kona,2017,$67808.05,Gambia
42a2225b-b6f6-4c66-a772-e6a977e2b5a0,BMW,X1,2007,$50306.62,Mali
f47e4910-4b31-4307-91d0-150d8f5ec18f,Mercedes-Benz,E-Class,2020,$78156.8,Australia
9055b975-6d9c-47ad-986b-11f3b2d037df,Ford,Fusion,2014,$64023.42,Guyana
6afce50a-3613-4b39-b1a2-5d467259a64b,BMW,X5,2020,$94986.67,Zimbabwe
018e7ab3-d83e-4013-a894-5f183120a9de,Mercedes-Benz,A-Class,2025,$99451.86,Congo
c52b8ee7-69a9-4e78-abe8-50d2d2651d8f,Honda,Civic,2011,$39558.55,Rwanda
4a3ccf34-daa2-4f85-acd3-068f0e9c47cd,Hyundai,Santa Fe,2024,$96189.2,Fiji
1b43ea15-2005-42af-96c2-0dcbc5edf2e1,Toyota,Corolla,2018,$32184.23,Taiwan
6d4d712c-8c2a-4831-8f05-c4754e1c10ae,BMW,X3,2024,$95011.17,Chile
5b407cd7-018c-46d1-b2f3-76f2d489b350,Toyota,Corolla,2018,$72508.79,Nauru
badbae33-5a66-4939-857e-653df6c15cb6,Hyundai,Elantra,2010,$28986.16,Isle of Man
c20a0be3-874f-40ba-bbfb-62c0fa73b0ed,BMW,X3,2010,$38672.64,Qatar
ee46cacc-49b2-42ca-8eb6-147deb10e993,Honda,CR-V,2016,$25928.36,Guadeloupe
05f94277-01fb-46f4-a0dc-0aed7dcb4294,Hyundai,Tucson,2015,$84227.98,Tanzania
52abe092-1ae5-4c5b-acb7-ab4dc0231193,Chevrolet,Cruze,2010,$94245.41,Vietnam
5fac4650-9346-4d09-aa42-b241592e617d,Mercedes-Benz,GLA,2012,$84561.81,Brunei Darussalam
2d3ecc98-4e06-4cca-9ef9-2b178b22d0e0,Kia,Forte,2021,$45666.13,Paraguay
bb1cf3e4-df8a-4c2e-8678-c458a03389e3,Toyota,Corolla,2025,$74644.97,Cook Islands
36c2419e-c10e-4826-b31d-156b5267db04,Chevrolet,Spark,2018,$30798.53,Costa Rica
40332678-6416-4ee7-91df-d77336235f22,Nissan,Versa,2010,$16102.39,Timor-Leste
bd152de7-c057-4ebd-a20f-0c15c33ece55,Mercedes-Benz,GLC,2025,$38914.76,Iran
6705df68-c42a-4aed-974a-1d1915aa4eb5,Ford,Fusion,2024,$60084.05,Iceland
279b3233-b094-4da3-802d-5cf19aaf95f5,Nissan,Sentra,2025,$87830.32,Saint Helena
dd8e5642-4f55-4d6a-8502-6492a75d67bb,Kia,Sorento,2006,$65313.1,Iceland
59f0536b-2f43-42c0-b887-d372cd79162a,Honda,Civic,2007,$44797.07,Estonia
732bc845-f590-40dd-abd4-a4e1dfd930a6,Toyota,Camry,2019,$89999.03,Equatorial Guinea
2f508554-7718-4321-a51b-2b5014bfb538,Volkswagen,Polo,2019,$45650.11,Wallis and Futuna
784fcc28-f9ad-4b6d-9ede-1fec7587b59d,Honda,CR-V,2018,$96587.52,Yemen
375dd216-db93-45e1-8f77-20e92dc27c2a,Mercedes-Benz,E-Class,2023,$64436.14,Puerto Rico
67dc4f02-ff4c-4003-adc0-f4386203e436,Ford,Escape,2025,$88439.78,Micronesia
ba56bf42-4b17-4ddd-a8bc-94d7a8c9392f,Honda,CR-V,2013,$40158.7,French Southern Territories
e0f1c4e6-e1be-4907-83d1-ae50e199c0fa,Honda,Civic,2011,$16399.2,Nigeria
1efec9cd-93ad-4bb3-b854-db6c0d8b7155,Kia,Forte,2018,$76009.35,Greenland
fb56f818-0ec8-48ea-9d1d-5de1b49ff2e0,Ford,Focus,2013,$62288.59,Comoros
94ac1967-ead6-47e9-8dd4-973d6aef97ea,Kia,Forte,2011,$84223.04,Samoa
36c0d909-d2a3-47e3-ad66-5f2ea53d5e2c,Toyota,Yaris,2011,$95886.68,Svalbard & Jan Mayen Islands
c201a09b-0635-43f0-8f3f-f5324e905815,Honda,Fit,2013,$34542.33,Qatar
cbd80eae-d2ca-4012-8438-73eb3fe7d048,Honda,Accord,2012,$22019.01,Oman
75e4e69f-0ead-4c3e-af70-ed52a73119bc,Nissan,Sentra,2012,$71760.62,Djibouti
929cfad7-4b2c-4f6b-8f8d-a71c4dd7293c,Ford,Mustang,2012,$49584.61,Monaco
8fbfbb2c-165c-4d43-a1f4-a0bbc86a935c,Chevrolet,Spark,2014,$59017.33,Chad
f101d998-79b4-4595-a8f8-0dcf3f8646d7,Mercedes-Benz,C-Class,2015,$29807.27,Puerto Rico
28884f1e-76be-4e15-a5ad-ac7994ffb924,Ford,Escape,2013,$41792.66,Bulgaria
07d4cb24-601d-4194-bb3d-e144c7e04470,Toyota,Corolla,2016,$22899.93,Sierra Leone
b69eb00f-d9c2-4792-a2b2-f13e4a26fc96,Hyundai,Santa Fe,2009,$29479.57,Isle of Man
e6522ec3-22c7-4636-936a-9822c6d11c71,Honda,CR-V,2021,$71472.72,Bangladesh
f223e724-f964-4af5-9e0d-27178c79b04b,Volkswagen,Tiguan,2016,$93108.98,Australia
40ca5e90-78b4-4fa6-aecc-9a19e337e7cc,BMW,5 Series,2007,$30803.48,Myanmar
dc22bbed-967e-4b22-af11-1edd2f45a9de,Hyundai,Tucson,2008,$37114.41,Christmas Island
71222782-2eec-4c05-b042-ac1b1e8a6502,BMW,X5,2016,$15795.7,Zimbabwe
70b2a297-4b27-4910-865b-357fa80ea9bd,Mercedes-Benz,GLA,2020,$31978.36,Belize
b1fc5867-f561-4dca-afe4-38e1703f5327,Nissan,Murano,2022,$17331.27,Kiribati
64a337fc-9244-4309-9710-cf6a835dacf4,Kia,Optima,2024,$44114.17,Bosnia and Herzegovina
1f7099ee-e427-4862-885e-bc890ae433af,Chevrolet,Spark,2024,$70557.45,Taiwan
31404b83-1149-4139-8b35-4f05390fbc09,Kia,Sportage,2013,$60001.59,Senegal
f2390598-f177-4a42-aaf0-b1afbc00bdd8,Kia,Sportage,2022,$83863.66,Chad
175d1e01-764c-4c1b-a0aa-ed8bd0b19ee3,Toyota,Yaris,2019,$51762.3,Holy See (Vatican City State)
5bd21ae9-ed2b-4b3c-b3ff-9d7fc585b2d9,BMW,X1,2014,$73781.89,Canada
01d9298e-e4d0-4871-9ba8-cd8417611691,Hyundai,Tucson,2021,$47647.95,Marshall Islands
36954738-0552-4233-91b4-a8dee9bec6b1,Honda,Civic,2018,$83770.98,Philippines
b2b0ee6c-ff40-4f5b-b8c6-4f4b785aa9a1,Kia,Optima,2005,$50674.8,Tanzania
4b4ca246-16df-4f01-a1d4-e74171c85d88,Kia,Optima,2018,$54350.98,Comoros
70ece6b2-cf15-4073-b589-1fc900848729,Honda,Accord,2011,$20739.51,Tuvalu
dc28f308-bc36-47b4-823c-909913f9fda5,Ford,Focus,2011,$95493.1,Mozambique
bb22c8b4-156c-4a7d-806c-fe53b79e2121,BMW,X1,2011,$93268.15,Japan
4b81d548-55ad-472e-9ede-8a3375bc0a85,Hyundai,Santa Fe,2008,$52977.24,United Arab Emirates
b8a984ce-20a6-4672-a7d3-536c927b7a21,Chevrolet,Spark,2006,$43838.61,Mayotte
ab1d897d-eb09-4a5a-a334-380186040cc1,Mercedes-Benz,GLA,2011,$26732.5,Equatorial Guinea
863f6a28-bc45-4927-b1e6-78026f219a89,Kia,Sportage,2007,$68243.18,Northern Mariana Islands
b7483669-0afe-47af-a2e9-c310a7ad36fc,Nissan,Rogue,2017,$55581.0,Singapore
d04e1b47-5b51-4ec4-98a0-c31559919e7b,BMW,X5,2017,$88798.59,Lithuania
9028c7ac-c8f1-4e6f-8c07-1ed2a544aa53,Mercedes-Benz,C-Class,2017,$17388.39,Papua New Guinea
9fcac97d-524e-4fc6-b6eb-e2e118baf24e,Ford,Escape,2007,$85511.68,Nepal
f0e41f88-4d7f-435d-b448-94ad47a500fc,Hyundai,Sonata,2013,$69680.65,Sweden
6c6b5fbc-9892-4dfe-8701-d2054b3d09ec,Volkswagen,Polo,2015,$75357.61,Russian Federation
f247dbbf-f798-4471-bee3-9df28c8e461f,Hyundai,Elantra,2013,$72406.35,Aruba
3454f239-5c68-4781-8676-f4ea8b4738bc,BMW,3 Series,2021,$16391.02,Bermuda
ea87bd97-d984-4ba1-b3d3-74bc6a2399c2,Chevrolet,Cruze,2025,$40307.35,Singapore
536b9cdb-e8ec-429e-9889-6f36d94899d5,Kia,Sorento,2005,$95136.01,Northern Mariana Islands
c1143d9a-e0e6-409a-8f1a-26d01cf6014a,Ford,Explorer,2014,$89777.14,South Georgia and the South Sandwich Islands
11502795-0ab3-4ad7-af0f-8bfb62037787,Toyota,Highlander,2023,$35912.01,American Samoa
0f4dafdb-3773-48cf-ab93-11fed09bd781,Kia,Rio,2009,$22565.64,Gabon
f08f57d9-81a4-4315-9b3a-016945760ded,Mercedes-Benz,C-Class,2021,$58593.46,Senegal
eb0ec44c-b98f-4d60-9503-7ed100042934,Toyota,RAV4,2025,$20009.8,Cameroon
25e0e674-902f-41ca-8d68-79a5d75fe5c3,Volkswagen,Golf,2010,$76606.05,Poland
b6714b28-b980-489d-a79e-b80a33ed9e59,Volkswagen,Golf,2008,$37829.86,Slovakia (Slovak Republic)
4d4f61f4-c2cc-4e5d-8caa-dd4b602b54b0,Mercedes-Benz,GLC,2007,$40607.65,Malawi
06336e76-f5e8-4a94-b2b5-21cc582fb265,Ford,Focus,2005,$79855.69,Turks and Caicos Islands
16e90e78-983f-4ded-8a3c-04a8d3cf3f20,Chevrolet,Cruze,2010,$66275.12,Guam
aedebfb4-60fd-4933-b35d-54c7fce47020,BMW,3 Series,2018,$52980.57,Antigua and Barbuda
23ef22a9-8f26-40ef-aa95-3f20ca3af03d,Mercedes-Benz,GLA,2016,$24208.68,Sudan
32c106e3-fc83-49a9-9f04-2dd785fdad3b,Nissan,Sentra,2025,$65495.65,Korea
df8bde01-9e5e-41c5-878d-ca4736360660,Nissan,Altima,2011,$51240.91,Armenia
ae3543f2-6af9-424b-a6c2-470bd80e04f7,Chevrolet,Malibu,2012,$89234.38,Tokelau
ca9c00e1-e3a6-499b-b547-0e27cc572f0e,Hyundai,Kona,2015,$82734.31,Anguilla
0966614d-6d47-4876-9825-b4f21573ffb4,Nissan,Sentra,2010,$19751.97,Aruba
a3e9c553-2fcd-4581-b8bc-39f7927531b9,Mercedes-Benz,C-Class,2007,$98051.19,Guernsey
99fc7345-5d61-4c34-9465-4147f2484d7d,Nissan,Versa,2019,$90987.41,Portugal
9dc1f818-231b-405b-8c32-aef0e41ab9ab,Nissan,Versa,2006,$21644.97,Papua New Guinea
e6602ac6-0b71-4719-953c-bdbd89778811,Honda,CR-V,2020,$77623.44,Macao
f924411c-f1b2-44b5-bf5b-f8549bbef616,Honda,CR-V,2012,$78556.06,Israel
dba6bda3-c8da-4b8c-a368-5d15c9eac96b,Honda,CR-V,2011,$83733.15,Mayotte
2ff62089-4217-4270-930f-d56ad57ceb5d,Hyundai,Santa Fe,2006,$87625.0,Macao
3d48da6c-9146-48a6-8f51-d2e84d454394,Ford,Escape,2015,$20952.5,Ireland
793d6f74-472d-4b3a-a333-588975c40eca,Honda,Fit,2011,$62093.32,Pitcairn Islands
ca569d56-aadf-45fc-9f24-09f73fa6b0db,Toyota,Highlander,2025,$23877.3,Macedonia
7a20e063-c951-4c95-ba0f-8ec8c400b9df,Mercedes-Benz,E-Class,2022,$50505.58,Gambia
8982dabf-9f9d-4b68-a902-487205be3abc,Honda,Pilot,2013,$50693.14,Bolivia
dcdb2535-df74-4024-982d-62eae44d92c3,Ford,Escape,2013,$56343.04,Bouvet Island (Bouvetoya)
fd98072a-f85c-4eaa-977c-b70d294937a3,Nissan,Versa,2006,$98103.11,Sierra Leone
98502b0c-38ed-419e-b7cb-3c30b606b348,Hyundai,Tucson,2025,$64263.43,Guam
b051a132-f9c2-4c9b-8087-631b3de26c14,Honda,Accord,2020,$76129.3,Costa Rica
58c7d397-7639-4fc5-8266-c679798edf96,BMW,X5,2023,$78060.29,Nauru
1cd6c2f1-9fd4-4ed2-a2f4-16020f424f2e,Ford,Focus,2023,$65900.12,Bermuda
5f0a9ea4-db17-4fce-90e9-9415ce05d5ce,Toyota,Corolla,2005,$80602.0,Palau
bcb63016-6682-432b-b018-3674018512a4,Kia,Optima,2010,$94678.03,Comoros
cf49918c-4dff-4101-ada1-c01e86c0e840,Nissan,Altima,2014,$69245.19,Bosnia and Herzegovina
cd2e06fc-7c55-4418-b29c-50cec5cf34d5,Honda,CR-V,2025,$90945.45,Wallis and Futuna
5dca9bc8-9ffc-4fc2-a0d5-d5a2ece5708c,Hyundai,Elantra,2022,$40128.8,Korea
44de0c8e-face-4e2f-b8e8-1a6859e06d5a,Honda,Fit,2019,$54046.39,Uruguay
7e0a3682-80a0-419e-8474-456e81c39b37,Kia,Forte,2024,$50627.72,Albania
d5567793-7e3e-47ab-96a4-e5b7c464d1d3,Honda,Fit,2005,$95607.52,Sweden
28f7ffdb-f10e-4a39-9643-f5ad90532f97,Nissan,Rogue,2008,$41278.15,Oman
7dba2b64-e4ea-4ead-b470-6e6d5a66400f,Mercedes-Benz,GLC,2011,$39206.35,Rwanda
f6a935cc-3ffe-4638-a59b-cbc371a15a33,Toyota,Camry,2006,$37304.25,Spain
a7ae11ed-ce73-4bc2-90fb-e0fadf8fe881,Hyundai,Tucson,2018,$76496.35,Russian Federation
bf4d156b-86df-4241-9c99-22c1cf3e7054,Kia,Sportage,2005,$88027.6,South Georgia and the South Sandwich Islands
79ee471b-dd38-422c-ba3a-683e7e55cb0b,Chevrolet,Malibu,2005,$33228.8,Haiti
6d6fecbc-1535-4040-81d3-c9729856ed22,Chevrolet,Equinox,2012,$20749.52,Iceland
0769ad09-7ea7-44e1-9a86-694ac4223017,BMW,X5,2008,$77235.39,Guernsey
0ca692c9-2e52-40bf-9511-6eb428f3a22b,Toyota,Camry,2008,$42168.59,Israel
942ec37b-23e4-4ba3-9e18-4caae8bce153,Mercedes-Benz,GLA,2015,$55247.2,Netherlands
a8f0349b-adf0-4701-8b34-83316aaecfb5,Mercedes-Benz,GLC,2020,$39589.32,Panama
29d4d327-0b95-45a0-aa14-e31b750312aa,Nissan,Murano,2020,$72072.65,Martinique
97e85b60-d105-4ab5-9afb-5ae4d25e97a5,Honda,Civic,2014,$29217.64,Central African Republic
5cd8c590-fe04-4f38-b48d-1697b4655953,BMW,3 Series,2008,$57199.78,Spain
be5e995e-92fb-4096-a876-c9295b54b030,Honda,Pilot,2013,$95467.64,Northern Mariana Islands
c0964a03-a04c-43ac-bc14-d69ba67bf49d,Ford,Fusion,2022,$75300.13,Jordan
89ba1aa9-ff02-4f05-b937-a4fbd8cbda7a,Honda,Fit,2019,$59083.98,Cayman Islands
5c1698e6-f301-459a-a40d-5c6e157bc916,Chevrolet,Equinox,2024,$50715.24,Spain
cb977694-2a19-47b5-800c-c3ec92657c6d,Volkswagen,Tiguan,2022,$38484.09,Romania
6e87b2ee-92b8-49bf-9f6c-a934eeeb9197,Kia,Forte,2020,$54319.02,Croatia
e1d0303c-15d4-43cf-8ec1-f560e9736336,Mercedes-Benz,C-Class,2017,$21010.64,Philippines
329d0df7-d6d2-48e2-ac54-c275884d2499,Ford,Mustang,2012,$86564.55,French Southern Territories
3b462792-931c-4b80-bb65-dde6550d5be3,Ford,Explorer,2008,$92848.58,Cuba
126daab4-d0f5-4841-a7e6-7b1d6c5b60c7,Hyundai,Elantra,2015,$88973.0,Botswana
c02a5f4a-67aa-4aad-88da-ebd61774cfcd,BMW,X3,2017,$56897.16,Myanmar
811bd1ad-d4e5-44ec-8db2-4cf317ace5cf,Nissan,Murano,2012,$75854.12,United States Minor Outlying Islands
477f3c69-f5e3-4be6-a177-e392e3cdf4f3,BMW,X3,2021,$85466.59,Burkina Faso
4764a737-eee0-4b43-8a4c-703779bb714d,Honda,Accord,2005,$99898.09,Taiwan
84366d34-bc9f-44e7-a419-0fba311b8533,Ford,Fusion,2025,$21483.46,Christmas Island
69b73785-2777-4ab8-9553-7c6160e6eed8,Volkswagen,Jetta,2025,$47162.07,Qatar
b265b1cd-d73c-4093-a0a8-d07c612b5f70,Nissan,Altima,2010,$99890.45,Lithuania
75dca9d5-01a6-4034-a2eb-af80c3f24807,Honda,CR-V,2011,$15375.89,Australia
8b225441-571c-4e06-b00d-621f1331ea04,Toyota,RAV4,2012,$44109.91,Mauritius
5e373a21-0489-459c-8d08-dbcef1d0ceda,Ford,Mustang,2016,$62561.09,Austria
7226e74a-03c4-44e6-a010-0aacdb13f8b9,BMW,3 Series,2018,$86967.68,Russian Federation
a5a5b563-d4dc-4baf-8e6d-be11d6fcd276,Ford,Fusion,2012,$84081.64,American Samoa
0e0ae5e8-d781-4baa-91a2-7d76ba32b196,Mercedes-Benz,GLC,2014,$96216.76,Pakistan
ad1c960d-4669-4f6a-8ba8-84fdacd6791f,Honda,Fit,2006,$84355.34,Grenada
55365341-4780-4555-8cf1-859f85d26e29,Hyundai,Tucson,2021,$69446.56,Israel
62bcd0a1-ebda-40ba-80cc-48ddff3831d8,Nissan,Murano,2010,$84111.8,Christmas Island
c8e8404e-bea4-4663-a708-f193bd5bdb34,Hyundai,Kona,2021,$49878.75,Sao Tome and Principe
4a46b8fb-467f-461d-af3b-be7427a629a1,Mercedes-Benz,A-Class,2025,$69606.27,Tokelau
f3789d44-dcf0-470a-94ab-f5121bb386fc,Toyota,Highlander,2016,$48727.33,Azerbaijan
21f66081-846f-4a5c-95ff-ed5e62b229ac,Kia,Forte,2015,$31813.66,Tonga
c32278f8-6516-4f52-a37a-d7906314b496,BMW,3 Series,2023,$72135.68,Yemen
43d113ce-5618-47f7-888b-7365d4534b1b,Ford,Mustang,2024,$31471.26,Djibouti
956f3785-6adb-4550-a2e7-7b81249a0d7f,Nissan,Sentra,2012,$45389.69,Liberia
3402daac-7c33-4b2a-8e1d-f2e934d0b77c,Honda,Pilot,2014,$46079.44,Malaysia
53e11870-a050-4f86-bb23-b1a931e1dce8,Mercedes-Benz,A-Class,2019,$52122.52,Russian Federation
4dcf1a1d-069b-4c44-b600-7e4e72b1a4de,Nissan,Rogue,2008,$96741.33,Micronesia
9635da94-beaa-4304-945e-d20c83957c6a,Ford,Focus,2007,$83874.86,Turkey
9b560ebd-36f8-42e7-9d87-bc93e48c0a4c,BMW,X3,2021,$83287.81,Svalbard & Jan Mayen Islands
a6a74435-3404-4e0f-b230-7aeebf18994f,Honda,Accord,2023,$76482.28,Gibraltar
062f21e5-61d5-474c-bd92-2fb6aa0cc643,Chevrolet,Trax,2014,$73142.1,Saint Kitts and Nevis
c20a41b2-2116-44a5-8777-be76c55b8952,Honda,Fit,2010,$85616.46,Papua New Guinea
f12673ad-7b70-4a1c-9bc9-6c6a5da3eb30,Hyundai,Santa Fe,2016,$17383.4,Maldives
57d6f0d0-49d8-499d-95bb-cc607530cc5a,Kia,Sorento,2015,$36945.67,New Zealand
79c9acc4-688d-40b6-aac7-7d833466c1c1,BMW,X3,2019,$31153.14,Canada
614a05c9-bba3-4d98-aea0-6d722fb97992,Ford,Fusion,2023,$93426.04,Palestinian Territory
131246eb-142e-4b84-ab33-14e9219b1461,Toyota,RAV4,2011,$79287.72,Jamaica
38090808-7a6d-46e7-8b4b-3eaf13f6dffb,Hyundai,Sonata,2006,$95932.93,Australia
5de0e2fa-c96f-409e-94c0-4ea89c37ca5b,Hyundai,Elantra,2005,$63795.97,Dominican Republic
9cce6a40-a052-48b5-9b5b-63ea0662dd4d,Kia,Forte,2025,$90404.23,Central African Republic
fa25cbf9-350b-4b3f-aeb0-59c28ab636d9,Ford,Fusion,2007,$45195.27,Guam
f3d46ce0-651c-46ba-af4f-006b108678ad,Honda,Pilot,2017,$50090.94,New Caledonia
adb84f55-ebdb-4173-8100-3ca167c84d6f,Honda,Pilot,2009,$57256.21,Bosnia and Herzegovina
9efe44d7-0a99-45d5-af49-6a7cacf94f12,Kia,Sorento,2015,$75326.63,New Zealand
2b439b0a-e03d-4e1b-8a66-8eb2723a4b26,Kia,Sportage,2012,$33947.48,Chad
57403910-19ba-4660-ac73-6a15b78b0236,Mercedes-Benz,A-Class,2022,$64650.64,Senegal
3fb1b89a-36e7-46ea-84e5-b1dc8c481d2d,Ford,Fusion,2022,$34028.8,Zambia
fa1af650-c996-4aea-b06a-68572b93e43d,Hyundai,Elantra,2017,$47000.74,Guatemala
709df76e-0a21-450b-af33-23c2bc64bb05,Kia,Forte,2014,$25314.5,Mayotte
6b59a8bf-7648-4fc3-a2da-b21adc598aa2,Hyundai,Kona,2014,$38450.73,Bahamas
d96a2517-e25d-4e4d-a780-20fcf561bb4d,Honda,CR-V,2016,$24795.3,Lao People's Democratic Republic
222d083f-7249-4970-a644-b50729eababf,Ford,Fusion,2018,$90517.37,Armenia
0e7c9993-78fd-43b2-a540-9cceb1487277,BMW,X3,2008,$43372.74,Venezuela
f4e527ed-10cb-433c-a372-b3524844c446,Volkswagen,Jetta,2009,$67271.88,United States Minor Outlying Islands
ad64deac-f648-494c-be51-9b0bd421ff56,Toyota,Corolla,2025,$33331.17,Barbados
cc604141-556b-4484-87f2-1d5233980ece,Chevrolet,Equinox,2015,$72016.15,Korea
ff30f4c6-f6ec-4ad3-9b48-3ba8576a6fd6,Hyundai,Tucson,2014,$74286.02,India
fb72eecd-d063-4f95-a094-31b654440a80,Toyota,RAV4,2007,$56571.4,Iraq
d7fdb3c9-aa1c-48f6-8b80-2fdd36f35590,Kia,Forte,2019,$70810.54,French Guiana
64425209-5199-4c1a-8988-9705907e8e06,Kia,Sorento,2018,$59134.4,Cuba
e8446614-b0a3-4292-a237-aa185f040570,Mercedes-Benz,A-Class,2019,$52092.24,United States Virgin Islands
e4fbe19d-c1b9-4514-a37c-42a234738e2d,Hyundai,Sonata,2014,$41223.32,Turks and Caicos Islands
f56d3dac-d2b9-448c-b7d0-0afb3c6fbd1f,Volkswagen,Polo,2007,$91059.08,Gambia
dcf5be9b-42c2-4eb1-813f-9b613cb47e29,Volkswagen,Golf,2019,$36155.49,Greece
7b4578a1-78fc-46fb-8c86-eee71be5d895,Volkswagen,Golf,2005,$26046.49,Mauritius
7e545536-31fa-4c45-8342-cdb043a66e74,BMW,X5,2022,$88737.98,Hungary
ee83ba35-f30e-40b2-bea0-711386e9bcd0,Kia,Sportage,2005,$32726.07,Hungary
e0ee7a61-d2e8-46f1-b4ff-64374889807b,Mercedes-Benz,E-Class,2025,$67385.32,Armenia
f3f50fc9-b2ae-43ec-a0d3-0d37e47830e7,Nissan,Murano,2016,$90143.37,Monaco
554b18df-28d7-4abb-9e4e-0ecd4b2c720c,Mercedes-Benz,GLA,2014,$92986.43,Heard Island and McDonald Islands
b8ed4ae9-0dc6-4606-a037-d9194782da21,Volkswagen,Passat,2008,$45483.75,Guinea
2bf36e92-8ae2-4ae5-a47b-ca02c6803b16,Toyota,Yaris,2010,$93243.12,United States Minor Outlying Islands
399ce7a6-5f5f-474a-a98a-56c192034a64,Kia,Forte,2018,$35427.81,Saint Helena
a969faa9-fffa-47ab-812a-19507980ad31,Nissan,Murano,2013,$84815.0,Turks and Caicos Islands
4e2aa015-a003-4347-8715-4e9a6781fe41,Kia,Sorento,2015,$20088.23,Vanuatu
29cd9661-b2ed-48ab-b377-1c10107c9a59,Hyundai,Kona,2010,$80357.34,France
50be8ef4-a586-4147-bcbb-a9e2d14a18ad,Volkswagen,Golf,2013,$57827.6,Dominica
bd2b715e-e03e-43cd-ba49-bd4cb91be36a,Chevrolet,Trax,2006,$21091.66,China
10983986-5295-45bc-bda3-f159a159683e,Chevrolet,Trax,2018,$82758.24,Cyprus
526d2222-4c0d-4d34-b263-72dbe252254c,Mercedes-Benz,GLA,2007,$76123.65,France
a58c887d-8b86-40fb-818b-1333540693b7,Nissan,Altima,2018,$51937.17,Nepal
9c259a79-141e-4b43-a835-e2548847748e,Toyota,Highlander,2008,$43895.14,Namibia
35629e63-da18-40d8-8967-1315ce0dfda8,Kia,Rio,2019,$84678.6,Tajikistan
27325d65-524a-4740-ac4b-9c5b6e8d712f,Ford,Explorer,2020,$57561.98,Benin
80f51936-da1e-4f12-b58f-42ec9ab244b1,Kia,Optima,2021,$40841.18,Iraq
9b2e1011-b08b-4532-8d85-731e2d65dbcb,Hyundai,Elantra,2016,$22355.52,Chad
198c5318-5b73-4268-b587-74c215c6822f,Honda,Civic,2017,$72554.35,Myanmar
9eef1f59-183a-408d-b45e-a9ce7bb5bbcd,Mercedes-Benz,E-Class,2011,$99987.78,Norway
84d97403-a0e8-413f-ace2-fa1f6b11a305,Honda,Accord,2022,$66831.83,French Guiana
243a9eec-a8b4-4608-a177-54267448f3b5,Toyota,Corolla,2020,$45661.9,Czech Republic
81fb47ce-0ee0-4e0c-b9fc-0e9fdcc897f5,Kia,Rio,2014,$24306.05,Madagascar
c3a49d00-d73e-402a-9de9-cad353e2a194,Volkswagen,Polo,2012,$95126.61,India
251f2046-8462-4e39-a4cb-1711d871cb27,Kia,Rio,2007,$32033.98,Bouvet Island (Bouvetoya)
9b400969-d1c2-4bd1-a8a7-ea73c49d6d41,Volkswagen,Jetta,2022,$54747.1,Guernsey
3661c283-32b1-434c-b97a-ad25e1dce69e,Nissan,Sentra,2005,$98435.73,Svalbard & Jan Mayen Islands
b92e2372-654b-44db-b22a-67d03d3f98bc,Kia,Sorento,2023,$95101.54,Germany
4210bb3b-b00c-417b-bcb3-b3d7f698da78,BMW,3 Series,2006,$71254.71,United States Virgin Islands
58db5fda-3d5f-47cb-838c-c4a423e4e948,Ford,Mustang,2018,$49676.64,Bhutan
93b58d1a-2eff-491b-a303-aa66a9a2a8ad,Ford,Fusion,2011,$57941.32,Antarctica (the territory South of 60 deg S)
d24bace8-8432-4537-9f57-aa616dbc7565,Honda,CR-V,2014,$62531.72,Rwanda
bbef727b-ae39-4221-918c-d43525ad68c0,Honda,Pilot,2020,$47020.67,United States Virgin Islands
88d8c8a6-6396-4b54-8285-3993917aa365,Toyota,Yaris,2021,$18328.86,Tonga
8d606a71-1f37-482b-a616-70b75335b6d0,Ford,Explorer,2013,$72256.15,Vanuatu
81b69064-6f22-4c48-be73-2f4a9a07662d,Ford,Escape,2013,$32758.65,Iceland
12fa89cf-57ab-429d-b5f5-5faeb7f1d2b9,Mercedes-Benz,GLA,2020,$65195.99,Dominica
5fcc5686-97ba-415f-b703-7b64cd0e8fd2,Ford,Escape,2021,$53994.15,Martinique
17e24d90-a97c-4219-a616-de0436ff33de,BMW,3 Series,2025,$23672.12,Paraguay
29e2fa5c-3301-49c0-8396-d59b268ce375,Mercedes-Benz,GLA,2023,$74795.22,South Africa
f7db8775-4386-40c8-ba46-bd3cbee2004f,Mercedes-Benz,A-Class,2017,$73783.84,Zambia
0b0a9ff1-f200-40c1-9ab9-2d7bd8324816,BMW,X3,2015,$50168.85,Tanzania
3658a2a2-1317-4728-9a05-0724cc6cf8e0,Mercedes-Benz,GLA,2017,$92959.85,Saint Kitts and Nevis
b77d2edb-2ae1-449a-97f2-ae05929747ab,Nissan,Sentra,2017,$56166.26,Honduras
6f4df324-3eb4-45b6-9cab-2455701db677,Hyundai,Santa Fe,2012,$62081.42,Costa Rica
3b8cd50d-d05b-44bd-a3b6-3dee4b75d5a0,Honda,Fit,2012,$75985.19,Kenya
f852c24a-3ce3-40cd-a643-1607b7090dd6,Volkswagen,Passat,2018,$60045.92,Croatia
4ba06f75-0586-4f1e-b26c-e47e66b24c00,Ford,Fusion,2023,$70533.0,Tuvalu
27b78558-e035-4674-8d60-2f58408ffb4f,Nissan,Murano,2012,$21711.77,Gambia
e304c7bf-5f50-416d-b57c-6ab679a2a866,Hyundai,Tucson,2009,$16402.24,Sierra Leone
6336f809-1678-49f8-b23b-31d0d3d64ddc,Ford,Escape,2022,$97301.61,Micronesia
aad7cf9d-b152-4e0c-b479-1dc52551a5c4,Nissan,Sentra,2006,$98796.3,Solomon Islands
72a15fd2-2e8e-4b86-8d33-fb1d86c41a90,Mercedes-Benz,A-Class,2024,$54023.45,Malawi
0eaeadc0-23d0-4317-aab7-810ff9a006b3,Nissan,Rogue,2005,$43564.76,Cayman Islands
8ef4e9f6-4e9a-4734-8856-c94809511bd0,Toyota,Corolla,2016,$48534.75,Togo
f0ca09e0-d706-4d70-b7d7-291b72b7eded,Honda,Accord,2008,$79544.44,Guinea-Bissau
1515fa45-8189-4f5d-9360-3b8e88881464,Chevrolet,Equinox,2021,$20211.58,Croatia
d1353a15-9d69-4c52-98bf-f36ebd161b1a,Honda,Accord,2023,$57835.48,United Arab Emirates
9f453686-27ca-41b6-86c8-6db12b1afc6c,Volkswagen,Jetta,2014,$50560.85,Cayman Islands
2f6d88b2-9b0f-4fcc-99e0-a8287ddaff4f,Chevrolet,Malibu,2012,$92063.24,Mexico
ba94091b-6178-4276-891e-948189662a22,Mercedes-Benz,C-Class,2010,$27585.41,Rwanda
39443bc9-456a-4eb6-82ef-9c178d2f4b0a,Volkswagen,Jetta,2014,$62731.91,Namibia
ea92a09c-f7ca-4bff-8c6c-c7812e0435e7,Volkswagen,Golf,2007,$28410.67,Zambia
67821ecf-687c-4e16-aed4-b398b4d331c0,Chevrolet,Cruze,2014,$51336.73,India
4361477d-55a0-448f-8491-47d88e03f471,Volkswagen,Passat,2016,$20605.27,New Zealand
0e5e0be4-0549-4880-a2d3-3376e538bb8b,BMW,X1,2007,$92948.68,Poland
f79d4e18-d99a-403d-be52-7f5220e01949,Volkswagen,Polo,2023,$61874.84,Puerto Rico
3b081a7e-e911-411d-ba16-7b59399656ca,Nissan,Versa,2017,$86159.73,Tunisia
633d0160-d456-4eb4-97d5-ca2e78cdb093,Toyota,Corolla,2011,$91987.24,Uruguay
1e299d09-ec46-40ec-9ef7-d24e4a8c842d,Hyundai,Kona,2006,$61244.05,Sao Tome and Principe
ede71a18-c73b-49c8-a6ff-ad5b8deea471,Hyundai,Sonata,2023,$71534.24,Saint Lucia
51fb13db-36f5-459f-9883-84075bd6ea1a,Nissan,Versa,2011,$17298.76,Cocos (Keeling) Islands
138c59b2-8781-4b91-aaf2-0fb6a1850f5c,Volkswagen,Passat,2005,$19824.24,Wallis and Futuna
70cedc98-e75f-448b-8aa7-aa22e8662cb4,Nissan,Murano,2018,$47138.83,Lesotho
cb3a8f3e-762a-411e-a307-42275525b94d,Ford,Focus,2020,$44521.75,French Southern Territories
c57789b3-752e-476f-8437-8bae3942b8d8,Ford,Fusion,2024,$80573.99,Latvia
f9744441-e8ab-4577-a411-03c8bce490e3,Honda,Accord,2023,$78527.81,Moldova
6822df8d-4ff9-4826-83b3-66a278bd86f0,Toyota,Camry,2021,$63951.1,Venezuela
c6d8f122-5dd0-4fef-8cbd-92ba800875b2,Toyota,RAV4,2013,$76626.27,Italy
5775871f-2e8b-4a02-9377-1a2f3d366c3f,Nissan,Murano,2008,$42875.57,Netherlands Antilles
63def33f-9b89-4a9a-9b10-b1f713febf6f,Nissan,Sentra,2019,$95834.27,Guinea-Bissau
53023647-f55d-4784-a0a4-8461d97d5c42,Honda,Fit,2014,$65909.46,Monaco
ab94949a-f3d2-4020-962a-442cc0d84e6d,Ford,Mustang,2017,$70057.69,Guernsey
c7fcec87-73e3-42a9-84cb-a49fd0d4b5f6,Ford,Mustang,2005,$60575.29,Paraguay
75858365-3e59-4086-bcad-f9c96024b30c,Volkswagen,Golf,2020,$77981.25,French Guiana
50825269-66ef-4a0b-861e-cdbe7108fece,Chevrolet,Cruze,2010,$90518.3,Saudi Arabia
c906e302-bfbd-4f09-9fec-e056de00214b,Nissan,Versa,2018,$20045.07,Philippines
97e74971-9fb3-4ad2-91f5-8b1e90f4c5e2,Honda,Accord,2005,$39097.22,Luxembourg
a00cdb2a-aa35-460b-84a7-2cd5cce4e34d,Honda,Civic,2019,$43177.43,Congo
67819dba-fee5-42f9-a048-d05de250cd7b,Nissan,Murano,2025,$82182.11,Kyrgyz Republic
657f9862-87a7-4b3f-804e-0e24698bd7d6,Ford,Escape,2017,$33666.97,Congo
f3559c81-55be-413e-a7cf-e5b94ed115e2,Volkswagen,Golf,2022,$79445.42,Ireland
1d6cf3bd-b37c-4a60-9295-8df2cf213c58,Chevrolet,Trax,2023,$45279.63,Papua New Guinea
8f1359a6-a6cf-4157-bcc8-a63a2bb1a64f,Hyundai,Tucson,2016,$68858.56,Cocos (Keeling) Islands
2bd20637-986f-446a-9e6e-994dbe1eb659,Volkswagen,Golf,2015,$77449.0,Serbia
f8e5345d-69e0-418b-9bec-c3f9833252eb,Ford,Focus,2018,$82154.79,Kyrgyz Republic
37912279-8ba9-4e52-8036-7a360099dbd5,Honda,Accord,2016,$66571.62,Bangladesh
577d07c9-f87f-425b-b109-3cb919c92cad,Mercedes-Benz,E-Class,2010,$81628.23,Jordan
8f45d62c-7c79-40c9-b449-cde9bcf798c5,Ford,Fusion,2008,$16926.4,Argentina
2c7456dd-8809-4165-b9d0-41bdc711c59f,Toyota,Yaris,2018,$15271.84,Chad
041c4ef0-4f94-4e1a-a38e-0d10fdcf3b32,Chevrolet,Cruze,2009,$55220.82,Christmas Island
616de0f2-6620-467f-9c85-c24e5ac7d5b5,Ford,Focus,2024,$36642.63,India
f0a10145-9fac-4e2e-80ab-b24ee9343c2f,Chevrolet,Equinox,2010,$70109.56,Ireland
934276d3-6497-4499-9bd8-81b7276a01ca,Ford,Escape,2006,$37737.84,Samoa
22a32734-fce1-4f53-b6be-68724ffed68c,Toyota,Corolla,2022,$89984.08,Algeria
0df56f1f-724a-44b6-abf2-e3f320bb6595,Volkswagen,Passat,2006,$49724.23,Botswana
ef81d867-ef7e-4c01-980b-26a5dbffaa0b,Ford,Fusion,2007,$19292.08,Bouvet Island (Bouvetoya)
52f241aa-58c3-4ace-92b8-72db8072d9cb,Hyundai,Sonata,2021,$32067.8,Thailand
12e5d4dc-5145-4b1a-a2ce-7841b662a3f2,Nissan,Altima,2008,$74068.99,Azerbaijan
3e829655-8843-49cf-8710-a17b2dedd43a,Ford,Mustang,2007,$50814.18,Gabon
a0ca6703-79e3-4749-9361-b1f2b1bc223b,Hyundai,Elantra,2017,$61507.72,Nepal
fea6c49e-3b3a-4367-bf75-d4323305fe79,Honda,Pilot,2006,$22614.34,Papua New Guinea
9c64ac0c-0fd7-48d4-a674-1b0f12fabf2f,BMW,5 Series,2005,$75940.33,Grenada
a94b7dbb-9f47-4c8c-a676-0a7d513125ae,Nissan,Sentra,2013,$49941.55,Kuwait
ea42fabf-ac42-4ed2-ab5b-d786309ba2ce,Chevrolet,Cruze,2013,$75922.84,Pitcairn Islands
